x_mm_fit,p1,p2,p3,p4,p5,p6,p7,p8,p9,p10
0.0,753.3770144699575,670.9303982530075,1620.6521393059447,133.7774693045203,430.4575724138656,1997.4542879842654,1417.0795096555482,866.3843575837628,93.58778670151085,503.8201636303648
0.0036018018018018,528.2667104983952,388.56780323554165,1287.444929240189,619.6828565638764,459.61564053807484,1682.9412988565819,1579.5064192971283,551.7713093753437,440.4549830768552,497.14266892136686
0.0072036036036036,143.56139890346284,19.926261834675035,651.8702614637847,1281.2464251661493,473.1380413547085,961.6502517105486,1515.4495328905516,44.078309718732285,1000.6624833833914,341.8304616230204
0.0108054054054054,93.0120700897958,152.4583644742449,122.00539928929126,1388.328214374977,424.97991231589475,187.9427103790122,877.3593986902208,239.96037714310717,1289.0869668559803,2.8930509603472787
0.0144072072072072,196.9447262649153,105.60277608129437,267.3740797831367,1106.4943416574715,398.04615332560707,451.4997765398268,25.880425028975786,374.3203791266913,1341.6176334585202,380.82607912844674
0.018009009009009,91.99672862012025,90.52912994591048,394.313018438422,521.7270216152034,329.6934168956578,753.4704208497166,736.3467162663163,309.8372810286884,1107.2868578020652,639.061517449393
0.0216108108108108,224.2603972951627,382.10657630168913,226.69955211386312,263.0518761876713,259.75299177542144,597.16417921037,1179.6913192030572,59.28705020212714,606.4678723869253,670.3211584756795
0.0252126126126126,585.0642250188741,590.9749376746488,124.65375293301632,914.2352925592066,130.2498503214793,213.02717997663535,1194.6468017334917,274.4351655267957,0.25822833111001464,475.8744806331174
0.0288144144144144,879.3157366895914,623.874904181895,525.0178456342321,1242.5713422471351,96.91278016304501,191.90639232320837,839.9493593678019,612.658306648957,592.2196740526039,132.62308593772624
0.0324162162162162,1050.8443926131358,505.0486947125745,825.1588461894456,1267.0456798801827,298.459135225852,563.0537530531439,269.6775888643979,867.0148961571296,1072.783304310727,259.0169680463793
0.036018018018018,972.4973711628201,174.81808339458226,752.7858270786356,1001.9391616269002,159.83142715592888,737.5184570449527,260.99777629765634,876.3255033030837,1303.9170068947765,530.5001801132672
0.0396198198198198,643.0112655009146,254.79683219371051,357.20021269542093,595.7636461739979,326.57253795339994,693.3849008663943,630.1185968093494,689.5334843077171,1240.1529455402438,676.932497141793
0.0432216216216216,149.8713472376266,467.9364375441864,33.62927493305673,401.4247538010729,910.6564600131928,399.6899328563238,654.78366644846,554.0559747265775,977.6777070287758,752.3113346382197
0.0468234234234234,414.24302065665637,483.9642118290292,401.78674629658707,384.34081387177406,1491.002372552751,88.76131349879182,361.17308425616864,467.9986381126315,573.2777077410796,726.3323164430818
0.0504252252252252,765.8086889681292,175.0758781701033,549.4655905912027,476.90533434561075,1390.6553671034494,491.2322764690796,94.47555840422095,687.8789631917604,205.6016681252406,694.8442594823097
0.054027027027027,821.0411961989956,365.302703743676,449.7956460722255,530.6417184251835,476.1098121923297,687.5988957973327,495.45532805236,1139.9631221720704,104.80485865592098,685.8404599702518
0.0576288288288288,702.7424582702806,868.4490230554038,258.0348552886009,408.29256012793434,742.4231482327419,702.3213025270207,632.1319577666306,1506.9417153415384,399.75806721185097,685.6264556616902
0.0612306306306306,480.30805219510165,1093.4453883998879,133.1604641977357,146.34543162965969,1605.760762029233,510.72705008794094,546.886391790351,1488.2790501615466,673.0263915110328,604.6627444299515
0.0648324324324324,184.59900977167737,917.9927274455133,128.65169771158057,260.0145465554353,1870.9973670416698,149.4221067320586,269.90141568461576,966.4902307901272,839.9696995684274,392.83172551417385
0.0684342342342342,114.3067645497398,546.4780686466257,124.35257643509387,623.2714708958383,1731.6608007343623,234.91040963569995,60.733299429347134,186.28605194769096,725.8725399500142,114.50448737116912
0.072036036036036,286.20156767157835,240.94116712998127,44.10458901203826,681.5023538912915,1081.136460659226,516.7014226668157,364.7966977080074,761.6640762036151,222.9460775453096,136.18677125178422
0.0756378378378378,333.1398210129146,121.66975334907079,101.60884832530577,425.70817976384893,183.51426538156463,672.2926556313793,570.1889693828896,1645.228547119766,563.023940062222,305.04890695667996
0.0792396396396396,224.43915792037333,145.61288127437882,241.58194103733155,13.11823425662032,396.7253005455417,672.9430836700369,565.2169658088616,2038.628901739296,1735.8511658396205,346.1736917849507
0.0828414414414414,39.77580669594749,306.8956456237213,359.7778575494211,582.781717303701,689.6052591680786,485.0726907076651,381.85670725089534,1930.2412769001312,3053.4417482814656,209.0009159045944
0.0864432432432432,368.7702376080991,329.2861768773884,298.8444324038617,963.0552935006933,781.2956510084769,159.39340833213782,151.63487568181915,1486.3424870393555,3905.4925708020464,197.59957984708325
0.090045045045045,564.4462731634947,86.63946194449993,40.739979767518555,919.1144649955545,652.5914420373447,206.1987782827394,124.42086651194234,924.7960721596886,3746.726258614818,245.40752459438067
0.0936468468468468,513.9407986222893,279.7464081742686,328.22591977430534,522.8469846898154,393.6557692704677,515.8304164557959,405.5266229178865,444.75341620898826,2450.013041517191,114.50447720691226
0.0972486486486486,326.39141916935114,400.9864743961284,608.355229910719,83.43617957902929,61.56239608122633,746.2504820263197,593.0885602937485,17.73820865598851,468.02632115574477,179.52951238755847
0.1008504504504504,86.62053847860535,227.52274774198906,744.8368554622955,273.84178582950847,224.0983645771036,903.2110207448711,638.1374075995147,304.61786140885357,1711.8671037578706,495.00792699116494
0.1044522522522522,111.0636355062222,55.924630735778614,810.2261575588096,543.6780630957937,468.8290326968084,998.6728861852498,580.9768460104362,526.2617166289734,3516.014746852415,719.3076203492108
0.108054054054054,152.87497877039797,227.32089073321703,1006.8550600031624,564.3054869912831,673.5601842121563,1008.8006735781723,473.95824640973325,597.761689194237,4132.906650510517,212.72218824447893
0.1116558558558558,53.00919698546702,191.60660707984385,1343.848352175591,392.5232443346612,800.0311419387618,913.822983504318,332.0243584038919,516.3456718865558,3578.758299674915,1085.5004768769334
0.1152576576576576,61.095253932969676,170.48848162994318,1639.7702413066072,221.19172788723822,748.556982022073,741.8905555157311,61.34275147256335,153.84252055859073,2437.1861773395044,2266.4571149127823
0.1188594594594594,183.76494024451046,189.49931050074775,1857.3775668395026,2.035334237638987,559.4989552772232,515.6451900467594,324.0747127377735,394.59688664192714,878.8213177650788,3120.2987382713627
0.1224612612612612,185.642633273181,295.5389611957389,1512.9599812504616,66.58980875082608,331.59087338074266,131.3211455487645,612.4702593901582,825.8643189978119,282.232442693454,2532.567153794632
0.126063063063063,149.9540393705983,453.10427173099373,448.52159575137887,322.1327852659734,60.44914480479243,339.0410136028745,740.5328216982712,888.2808611243789,831.8730165162617,704.9307969441309
0.1296648648648648,212.93142110693142,465.266981793349,834.4497946811566,357.44718032669425,205.63066567604693,757.0156045171117,759.5261292846284,575.0096596594582,1075.9862159115899,841.6328156001111
0.1332666666666666,258.05711661823165,278.6568558721283,1987.5840232917312,383.12539372806987,377.70130533470757,1090.4264472034858,660.6353443247953,53.678627281358594,988.331400158973,1924.2297938178274
0.1368684684684684,338.65086229172937,167.7061883498782,2426.700525559988,197.8349697812542,284.17435335337336,1247.123848785118,461.4283229478062,464.2154482762208,705.4413406369586,1941.2842913713428
0.1404702702702703,442.6331920227283,688.0945766465866,2099.3507882186123,188.4548583353866,27.032697751471737,1187.1736863202796,236.89100856199025,786.691883688865,324.59016128224147,1089.4121080110856
0.144072072072072,315.1472908663483,811.0257392591129,1405.343978378686,16.521512120476114,292.9629767069925,802.3992462583586,24.220490141882856,918.8824650391714,103.26447322922269,517.1214844649255
0.1476738738738738,5.637843611326037,624.1209268861298,444.262697045194,635.6699026606246,481.39653893963214,187.03566857016227,218.36522119563446,876.8762473368159,482.5744046823619,234.91416188138032
0.1512756756756756,417.6320552240444,435.9648836059351,131.74624060689328,1780.800715130964,577.1757149738412,347.1531211854767,488.97950366956627,629.7131856925422,652.9578699174416,297.47056119878465
0.1548774774774775,914.5710498844276,281.31783602822526,300.3520493187967,3196.845730105396,537.4553803730148,766.1404171754017,740.9713104942447,211.535247002258,568.8382845764245,580.4222568731429
0.1584792792792793,1077.863999143851,160.42336746733423,114.28313831935348,3530.167763670436,192.13441312908014,908.2715618329378,699.4057373537046,326.9200720341188,314.7868608604899,461.17400484896797
0.1620810810810811,831.9121610013989,180.9876491176615,172.5589121899121,2253.6884485986243,313.30967450922145,725.8793360937332,483.51919540343414,1030.5458287420047,7.654307517324685,206.42445677147137
0.1656828828828828,541.9977968843281,408.2189920731401,181.73119087621518,130.8396625421901,737.9614847818023,429.9559688441273,484.2322778725876,1625.028042054369,204.50207316075753,218.89315859369958
0.1692846846846847,284.53108619732495,688.3468975651525,154.57227796136368,2074.023131449336,1167.9884260829217,84.6410903312928,595.5482845435384,1842.8458229178145,307.4608081855266,447.3827445636174
0.1728864864864865,355.8808833604435,927.7364451198237,122.19078277196513,3495.7185142227167,1522.021137455439,20.237657291253527,944.2978935711835,1296.720198468345,387.57600554913876,837.3950269277682
0.1764882882882883,731.716609810333,1131.915333831389,98.47445634599153,3853.8072466635467,1721.1979340928704,133.34703280534103,1430.061983139321,136.21258992592587,491.7343582136267,1153.5929011343799
0.1800900900900901,923.6912877237121,1078.0113296358381,112.46069523122543,3078.489609117665,1778.0014893580399,215.8003258294095,1427.4082071884789,1165.848120101492,537.3818020010063,830.3257116632142
0.1836918918918919,914.265822262243,695.1124821618171,202.5508773403113,1351.4899257940926,1701.5688384123785,230.0366810297618,974.8848195829723,2510.033341227502,544.8295773547289,32.25886993722525
0.1872936936936937,384.8742531662985,67.92238182488796,225.62577926636138,102.55344069965003,1714.8710089884707,186.45648522483802,103.35908851134079,3122.5430489081587,284.959691077873,609.6938160011923
0.1908954954954955,518.1913175830816,674.8983589856285,141.84712276275908,647.8151964947227,1747.7489376019585,90.86761242032371,1642.2151968072365,2916.703167352883,247.11774012648442,1066.3548606387158
0.1944972972972973,1141.0975898291674,1007.6575798073544,108.74500760862557,838.0797441517348,1461.9496251968303,83.72640556192887,2517.57963574735,2054.620952817936,645.4155219467398,1060.2177859972417
0.1980990990990991,1146.4047073944514,838.3010200300438,203.53349523491747,466.37135172218115,777.4277744680916,100.61245565828233,2428.1613218338703,963.6502293868797,554.1348561794116,723.1052710041919
0.2017009009009009,633.9732920471321,548.9359326275874,85.75419896323275,79.66971468825048,155.66373727840622,110.07588726363613,1855.241373808582,257.35152825714584,76.36475454833388,489.16485741253604
0.2053027027027027,3.1565814519848656,301.67581515483806,500.0733444996671,337.63972254286017,1118.745836507268,257.6818858825509,1084.0522727290318,245.51336180541102,611.1548450100652,287.70752177541357
0.2089045045045045,595.0087114394079,287.432617057294,702.4536974663919,536.5157902136918,1935.6625192444512,0.4910273385798354,502.87757647501354,532.9734622696097,907.5292172206953,426.47479661699936
0.2125063063063063,1017.5380557758778,442.64596979517523,562.0278974777123,553.7641994780386,2467.161368186398,567.4589542517103,305.9949403139584,717.6728517016601,675.7959648081479,801.9849489028654
0.2161081081081081,747.6747198809408,679.6246449425324,7.242894451730036,629.4506895198814,2364.5897381264363,1240.4348742293969,463.69664150450797,1172.328795352354,574.8925578533839,754.4131524402914
0.2197099099099099,127.48017695599215,1025.1629904581098,882.5671830603877,708.6407452730479,1698.4294339556536,2036.3968156332564,849.105921655544,1761.1786521656063,572.9473869584986,340.7437689754344
0.2233117117117117,843.1214969154051,901.3292696671027,1473.3790581731473,496.32603831582185,1161.542789355727,2250.2473433287287,851.3270151313885,2220.4059907970686,1663.8144954329587,88.33616384025063
0.2269135135135135,1432.9638952135397,381.84656672010016,1687.056133069878,1.5621288782534868,767.0577577115022,1807.383193322209,524.8266650282483,2524.2870091482228,3598.6327016409346,466.62998404247713
0.2305153153153153,1343.0160960515473,120.92606553639469,1217.0049647862577,590.8321745242334,675.9055141853535,704.5512346909474,272.41319022370834,2065.754070435999,4818.6658417058225,721.1610511334837
0.2341171171171171,480.7595264655272,707.9572840675783,283.7079842618098,1127.578266190064,911.9532564383048,909.8701268448287,9.330431671377093,1003.4651818920064,5162.639919521008,660.895603772356
0.2377189189189189,381.2939273450013,960.2666841144884,488.1486944513013,1280.547534155862,1027.0514114616644,1728.4027696549795,519.4614430660678,70.42570878120145,3564.7440318289555,426.68733268239623
0.2413207207207207,1063.0151675727818,757.7265800243784,1060.1377756089967,1026.2953655621673,977.3114390877154,1648.73130654346,1216.9712097750714,681.7871933156968,377.9956627772931,154.38341147699012
0.2449225225225225,938.2500381127348,532.5903263546168,1038.5276150484276,487.62220266282634,355.0706693854702,1408.2130004336568,2197.7782713947126,990.205475482618,2473.2871950889253,616.4981375321562
0.2485243243243243,132.6942315229271,318.9357289599117,486.69267183771063,175.79045365691945,686.4451532567174,1062.2096172559877,3276.332883637409,808.7260233965316,4725.899051265085,1724.3245638462938
0.2521261261261261,390.24257938460397,610.991042458083,593.5805043102755,663.8234608975289,1405.398279072107,938.2280481743995,3784.2243879024204,487.96107608457004,5452.507046472383,3586.2821077745184
0.2557279279279279,582.4227386070796,1351.4166244520468,2118.8621776353275,979.917123107536,1823.1228768366307,1044.4277263031304,3662.2588795391257,125.74856181076781,4634.510768159353,5921.06484528966
0.2593297297297297,228.69597632026176,1476.2022218841312,3061.136020590682,1053.2557731618103,1690.0732395145303,992.3800309562206,2338.5994771201113,63.76781591324336,3457.53819274044,6441.266731484777
0.2629315315315315,506.1043515873136,982.8780294282159,3320.077177140159,859.9663522251853,1025.4478979897565,694.2051606412231,30.566001042212193,122.18800633699563,2102.1601673163254,5123.765570518568
0.2665333333333333,1076.8028689291978,6.155920714476791,2804.16710512443,225.1157493143497,338.67894187089115,171.40646743469472,2025.2310643152528,176.01635235881474,752.440198056138,2257.33011794511
0.2701351351351351,1475.4779952362624,1248.3019847360583,1519.1366267619944,937.0429674248277,259.65039742968884,1207.94233534168,3557.3930102052595,163.46706358364494,546.2093469335524,1730.189927929537
0.2737369369369369,1329.5071914617395,1880.0220170383989,482.54674365939275,1686.79628478503,303.56115804828664,1483.1483487197338,4031.285217338394,135.54740485895533,1467.1687943608522,4539.037430422059
0.2773387387387387,778.4098392575365,1867.6759231658918,128.08840630382946,1905.809291255904,176.1552039251967,1169.2539270342609,3442.8096761230513,30.636481498901908,1777.4171719627973,5789.741158001379
0.2809405405405406,63.0930460980644,1238.390112516651,244.1296185697368,2115.522708196574,620.6648774772956,800.2163783223604,2264.786072619834,9.32175532009022,1049.3609543609011,5227.539308672875
0.2845423423423424,873.8771519742077,202.00449551393328,86.14532777349102,2127.552440805681,993.1385496340087,430.352078093723,689.2432252177981,179.5154503094151,616.673588109061,3184.3838716821056
0.2881441441441441,1433.7990607567515,217.80056252740522,127.74028972566028,3011.0714119588674,1279.57024065007,165.38041159099745,605.3354248620625,117.50369788991534,1951.4811230823154,1773.5855578985486
0.2917459459459459,1549.8090566463015,176.17235170211532,818.7730060307258,4716.2000742990895,1407.6952876864605,880.0467450274875,1665.2999356145792,246.03506210061383,2686.8462839101458,971.6528785777523
0.2953477477477477,976.6379743642452,173.24083011132979,1386.0340821135255,5688.542910961153,1360.6753374206226,1376.7435919525014,2150.399293422738,397.7474365247881,2154.582244770772,519.1703066792186
0.2989495495495495,295.6674162400147,867.7115902084901,1796.6151966636317,5719.236995364297,1138.2079546118557,1681.3527419003226,1893.916986702773,449.4752409160938,529.1688501487035,594.0723801409897
0.3025513513513513,1034.2331144229486,1307.4333098303537,1628.0933026868458,3665.714218140953,824.1354909672114,1371.4866747742965,1655.7928505985694,179.06869362892624,451.0070076950917,782.1287915468522
0.3061531531531531,1101.5049845230049,1500.653677601684,977.1652625408208,102.06684818421417,474.20826757227775,388.6427771302474,1330.435837941188,563.3689345633904,728.1628253729729,1149.6195430282837
0.309754954954955,647.6950978090343,982.9468771966752,566.4405571623147,3208.641361149748,353.95331433716285,881.1287449445396,1892.683042704397,909.6113460021552,126.98104650764564,1445.8478766357707
0.3133567567567568,297.8851386736948,245.37295895366304,422.20968669895393,5348.978481475043,1462.2376077185868,2252.8041531006234,3394.1868686036732,805.5024595356175,1178.6262151761293,1542.7952829613341
0.3169585585585586,519.8580902134224,1241.4889502859703,589.5056538112098,5753.266662738876,1688.8577553844145,2391.0680089164157,4032.8867035841417,122.68037401394702,1874.930425625879,1483.6424091463591
0.3205603603603604,36.78751717615771,1903.6853577000397,960.6536291656407,4585.474406615474,1194.6009698712817,1334.8959989907369,3754.680916513137,1746.6244864517341,1993.3758507677449,1205.9815777354272
0.3241621621621622,581.2975813844969,1876.383724419652,857.954857036303,3588.837759730207,34.86857437186472,573.2228917114886,1800.4041329610086,1820.3234808483883,1469.1554715761245,470.4411792541461
0.3277639639639639,1015.4909460816477,1150.5896317352626,361.65253337741837,2703.6833429353715,1952.438893804349,139.3344749778141,1682.1569277282636,604.5350776087707,361.8096461785712,542.1914063032456
0.3313657657657657,524.6883792666554,427.3387203402966,174.64788674141138,2303.405550257072,3316.0559548176843,311.189604648496,3959.8638299776835,1312.1573344950393,289.57791122638207,1065.7258224106333
0.3349675675675675,742.9429191618393,121.819651778818,641.7159101989959,2305.8146542905474,3868.328247823187,1035.3779044822131,4594.366760499918,3671.3956271997963,487.1100902895684,1102.2710729673474
0.3385693693693694,1305.7984533530223,121.0561659566099,748.0167008638418,1624.5658791928693,2821.5104132995484,1448.6356634222027,3649.0568361953488,3344.651523215878,776.1848289323315,769.2374146984101
0.3421711711711712,1104.3752818719584,189.35586041570008,566.7427135382412,687.5656247610005,430.21693350785677,1497.3729705152932,1518.4436920279609,618.8787149924016,1144.8707588311834,160.72265541125884
0.345772972972973,387.0999507332265,387.4966512145655,456.52004611712437,139.2544238941001,1400.303432070772,838.203082780747,439.9591380715939,3254.667940573544,1150.1706120729039,788.204414031378
0.3493747747747748,650.4098982623107,518.2051478800236,347.65826780509445,945.1494808434674,2638.2613119729135,289.31841688662206,391.7461516362991,7929.10964239265,881.5235414569822,1857.2555467267173
0.3529765765765766,763.3698031296617,213.9500640815315,132.7852134030336,1212.8892153917236,2808.9308894094315,545.6839846558564,386.0720587226749,9215.650844692544,500.6368925344661,1995.355029471348
0.3565783783783784,33.34556575111802,381.7794341146713,131.41311684736655,982.5747240954828,1942.4532541652582,171.0884212558206,305.11791575875907,7062.415645710875,39.86491029102426,1430.1061955439009
0.3601801801801802,838.9712754295675,1589.8595331969007,783.8558997495701,435.91155552307737,1431.3022889926017,395.5785043789255,641.7271843674107,3637.1332949305242,242.655222500107,157.91709552619474
0.363781981981982,1679.0787645346338,3317.2707710128434,1684.892947181738,353.4602382402458,1218.4602272021023,1249.9979879405537,2072.65417226244,773.3743410714188,1086.8474469152486,2640.210603124998
0.3673837837837838,1573.1722360304093,4570.200065041094,2233.4005036495523,933.6062691946694,1909.9819082745853,1477.7779774933097,2513.331509973438,3164.799141185033,2850.3357212896644,4553.5035080145835
0.3709855855855856,719.6261673391166,5120.847715200061,2417.2239396128884,1164.0459520521094,3293.9007564786343,1013.2332806023072,1960.0921281615094,3292.773077129864,5063.635299542071,5769.3107697136875
0.3745873873873874,23.800148861836202,4076.4015771823615,1848.390972227858,884.4131172286635,3916.9317730034218,278.4861640932058,1008.2296902142045,2823.2798668955215,5778.055243406144,4304.213741561369
0.3781891891891892,689.671370909156,1666.1103721066388,538.5915493703793,230.17152533476633,3875.596146854729,714.1430599499294,125.57011494653825,2034.4413637280818,5081.285814689991,546.7944056308316
0.381790990990991,1021.0061634403388,1209.0637347183203,516.7408796588866,489.4868900671609,2920.929360333178,1098.5747749301793,28.04394830846307,2012.725492020951,2790.1846764476927,2497.6852160670996
0.3853927927927928,1038.6875480390622,4149.266590731566,1237.7074531144488,1223.2769189833189,1173.589707007565,770.2788572353678,486.5330744088207,2462.555187893873,709.9685602221109,4830.618833738093
0.3889945945945946,1290.8173827235003,5269.85792711773,1636.6129380357443,1545.5187763073418,627.3507314818813,914.0053635623066,641.7889297782663,2121.062487703691,3761.8416508443343,3537.004401244976
0.3925963963963964,1558.4690190574004,4639.615434545989,1614.7770713095188,1438.7075680918683,2258.615305174865,1536.348365777684,377.61191511563885,1155.6092091211315,6088.0821891081805,1003.0049020020778
0.3961981981981982,1830.8807102564203,3029.713966702929,2048.3332404133607,882.6485401743307,2943.0058115888605,2339.5662760253354,441.05290752735317,433.2352719145567,6087.685086167732,4971.95571250179
0.3998,2095.28474324138,586.0471095652025,2966.840580285024,103.40853165131296,2683.0579751475148,3230.9069648765767,934.8914100977911,154.39210497923594,3890.0194759982983,8124.766894834892
0.4034018018018018,1718.6886874402549,1427.5467543381617,3689.224107910946,939.5979221595237,1703.1832594316888,3297.2900224449836,1403.1160532711144,612.5326587782033,1205.3617878320867,6798.259215813189
0.4070036036036036,851.497534775544,2685.1608713920064,3975.023175730048,1501.3660664279573,174.14745896861123,2432.0592210221257,1674.5062433964913,1453.9803794957636,1739.642629328075,1422.0054600871015
0.4106054054054054,666.6839788288157,2593.4970295797457,3415.89858647152,1457.5576635838197,1264.0842706894412,984.8392625019505,577.646960487147,1060.6146107541883,3362.178380285903,3988.913297606506
0.4142072072072072,2624.0505756953576,1215.3274519498993,2336.5894825153064,676.5853930708793,2484.687318072587,715.0311796574667,1678.6438819403577,312.37724035295395,3502.329367074704,9155.910425375278
0.417809009009009,3889.8205598948994,878.9099872299863,1081.602948574865,31.76800231265161,2636.5214965673513,1421.4810794685648,3740.606900400342,2523.9859023139525,2476.028206352379,10304.984797848032
0.4214108108108108,4361.9349216976325,3348.870303490782,214.76623369824333,511.84464869811336,1657.3050500035279,1265.884349372025,5311.7967980280655,5207.195129701477,303.7514032546467,7582.281202783612
0.4250126126126126,3399.1795216871283,5220.094992704596,541.3904737144919,1207.4782819904776,245.24734635489554,1374.3501944883933,4585.73051224632,5947.092593611574,787.2260639645574,4048.4377590014146
0.4286144144144144,1053.4676363615497,6255.41349725137,191.50074373431298,1927.8209194943638,1476.0841950615315,1651.2500153026467,1880.6417776992705,5046.819118638719,721.1107138942226,292.386580636687
0.4322162162162162,1251.3374249765545,5405.211972653652,473.49392962598995,3650.5431905158666,2658.26872140555,1995.6629971329303,448.5117825874121,3149.985529994577,775.6196081635437,1909.6925345748045
0.435818018018018,3116.839771392433,2801.364209553628,1604.618002817347,6075.362272988669,3089.178610531893,2275.5001511933965,2372.9622039198994,382.98778459298956,779.3280317746245,893.3593321202432
0.4394198198198198,4131.3976683662995,412.0906229465255,2203.706893553197,8502.620449699247,2849.9548954445354,2149.430537380777,2369.0209091964502,1254.954489876489,1317.7623904523098,440.7555386943527
0.4430216216216216,4175.660963958218,3883.080710075329,2101.77173835816,10457.495486987666,1999.517006984226,1738.9437795484378,579.0125129432706,1729.5597067319072,2350.269636574106,2239.940059249635
0.4466234234234234,3672.9166915306805,5762.737868239455,601.6134323015837,10126.22144157461,1480.94679342571,1113.4149583127771,407.2261798187416,925.8457552243403,2764.4579393187255,2336.498721135646
0.4502252252252252,2790.2004327875625,5841.945523677585,2152.5074652686753,7791.205688440712,1353.2709433655727,270.0340190916769,983.9573249480867,1144.2982518257293,2651.713945591822,770.9753758796838
0.453827027027027,1310.6788568335896,4532.742363302171,3750.9100541396992,3861.9076231150234,829.758450746653,99.94694765245069,478.9423776689671,2137.979066774785,1331.2072474473894,1160.9079699247452
0.4574288288288288,666.1940771745944,1913.3143667316513,4010.9378969888567,1251.9528611713947,225.0389925253315,13.101597941083995,4004.8789600454625,1917.876709813735,880.86190901549,3335.6131524875836
0.4610306306306306,2478.8219541052104,234.84399147614795,3060.541664859492,5208.855477282799,274.28055800965575,706.1800784015896,5233.696762495086,878.3730837499866,1410.6631762599382,3980.1278070138615
0.4646324324324324,3846.6241457410933,191.81817853745187,928.1425285256681,7689.279752952641,690.5338373946912,1873.4460666486586,4274.490272666802,715.0343398540996,546.5733179563211,3164.7331267231334
0.4682342342342342,3498.0319459894836,691.4441142343373,763.7524945459749,8203.83108900236,128.42282150541422,2774.0986419368023,1349.6011516167403,2164.5884147418055,1330.7698807696877,2140.1718437417153
0.4718360360360361,1451.5392332136503,1082.7154892047638,1697.276241085202,6650.656592695482,1987.535630485261,3498.2063857686376,3351.3359943818946,3291.9219943937505,3994.3155341543593,1115.0482277226427
0.4754378378378379,325.0250230382726,1775.3781720097693,1849.7216740386336,4992.176400494867,4728.236712538881,3146.877617338143,5461.423936631771,2743.537754895435,4851.760206816013,287.31092320390206
0.4790396396396397,1447.6820613274494,2734.792363719974,1493.9514317540268,3458.505207400443,7858.787845345666,1692.6865110482013,4637.07831233059,1028.4145456492192,3968.4584961657406,467.17061647540396
0.4826414414414414,1321.1286713957388,2015.185270506881,1767.2854472560114,2342.095093271629,8641.464543997343,442.1984991020744,2249.134763556209,1410.3119687410883,1308.3481195010309,745.1424045241231
0.4862432432432432,22.364717936537012,228.25399697055755,2335.0685116630943,1788.8144978134408,7154.7839110442965,3196.2617619219286,1227.870283516216,4660.7890111788965,2923.912431754067,479.57379877012687
0.489845045045045,739.5750277004895,3041.3081500644967,2324.0482954658214,829.579542613504,3986.7874373279014,3968.863419374214,1806.7175709716767,6432.166848364205,5124.750977127335,195.87232261001276
0.4934468468468468,962.5493342279922,5948.007439131355,1699.220798679145,259.5385457492812,474.09601745230026,2710.404901110141,162.57538140085677,6435.703038370325,5456.87150389426,1307.4203863212117
0.4970486486486486,529.1010464328417,6190.179162628656,948.1093306157517,1657.17470826634,3926.8414636102425,2060.1958695598373,1965.092765662253,3696.9350625543057,4218.906548994683,2110.522828342506
0.5006504504504504,427.04940657844077,3876.7878998924693,361.05969983590376,3199.086620369328,6033.384844401761,1695.4375712308247,3455.3784292526225,1533.4031384358627,1434.8877688407586,2381.5141687410455
0.5042522522522522,1.4466449111166573,1105.1331778184735,325.2085526341704,3533.1529558075745,6228.672786762652,2785.9390624890734,2328.7029417262193,5158.369621983494,522.8914921156318,1294.703845721514
0.507854054054054,1302.1692916278027,1700.4448769760434,1032.9247301800128,2871.5080327127675,4696.848766196514,5345.101196552861,661.6464621370943,6578.941346275937,1245.8204218781411,789.0929912994486
0.5114558558558558,2628.9732587048,2507.22650322371,2241.6634226564724,1505.7124690024593,3301.0694028102025,6227.1571228878665,3474.4348211629713,5849.518501079453,4447.946010640105,1624.09849519878
0.5150576576576577,3914.831547791218,1580.1989052296788,4013.1970850434423,509.82005365036605,1875.2197475347093,5541.91518814785,6389.46741257176,3334.604846232708,9794.941749656917,1228.1948172438897
0.5186594594594595,3094.336171355169,808.5255953857433,4562.032591263235,1939.567320277022,955.6236551060583,1780.121622843155,6853.876809370476,1317.2414597334387,11749.385330954668,292.6768030263875
0.5222612612612613,612.1797247631605,39.76267909752088,3744.1287089013417,2582.115135842459,832.3652046404948,4627.812389113013,5162.71129106879,69.60644778478198,10605.752593054125,2791.770622153983
0.5258630630630631,2949.9991696620496,508.6196649728719,1902.4803029748587,2594.6499324335573,807.3655161708635,7571.93023093966,3153.0711251022562,396.2557931205874,6165.203000654466,4933.15312876511
0.5294648648648649,7319.086130175733,2124.6040177160125,845.0065212139259,1867.5172514124483,1197.8701892840097,7023.987683313188,349.36724416646797,112.88822417851158,1453.2030576834613,6437.19208160114
0.5330666666666667,9560.76263087888,2923.161440905836,1823.1815572231183,1460.0250511459803,842.352908281288,4455.242678102783,396.8910876138246,151.43791978178325,6488.767167918945,7060.90284573175
0.5366684684684685,9535.738474670867,3033.0514227263816,790.0250799629675,1476.8622494675226,330.5411017581793,108.36103716221226,1239.4987717343245,633.4067662285031,8428.449360483546,6793.006566306371
0.5402702702702703,6670.7114449949,2565.871275023206,575.8699093977463,1090.5609054315375,692.1257695843558,1267.1411227240617,3524.3938928292832,491.39251178451934,6267.767033818555,6316.199814484975
0.5438720720720721,1418.3218949195484,1416.3025092679068,1928.431231357662,371.19469784166824,281.77648301466,402.9126976742385,6028.509313089769,139.73286552473635,505.43158897932364,5466.588286257126
0.5474738738738739,3013.806154473373,764.0151252124484,1086.2252309989785,882.4516009052238,1371.589118374341,2401.3092187744223,5862.545206403895,385.2051052488776,2749.8509329489284,3420.4995426303776
0.5510756756756757,6351.128426486205,715.9327418654365,1539.8661231887445,2388.741270362348,3994.8314163424106,4522.964916837914,3120.873212153275,1303.6676747542247,3347.901238324246,642.1313799701798
0.5546774774774775,6390.920925199959,215.53788436968162,3224.5228157191336,3073.962114515098,5923.218274621379,3066.127697593207,706.5779157958864,2390.9020370080534,1916.3289734095586,2202.716654624733
0.5582792792792793,3198.963356047204,676.4280653230184,3893.944990668088,3077.1671848741607,6754.534398100576,1459.9703833889587,4961.787246228416,3163.205318132227,1473.771986182172,4731.207581911387
0.5618810810810811,175.62817693506543,2117.421044908841,2226.926280639049,1588.7641499792526,5526.912903182226,4373.589214302905,6885.997820378149,3924.642913368579,3595.575593970947,5772.051473893057
0.565482882882883,2537.30140874255,4103.755604599912,1292.1387247009068,1013.2052529560241,2611.5747659272565,5594.067654402363,6692.190858043386,4611.882710537389,4296.949545613939,5435.097734233457
0.5690846846846848,3219.239279976008,4588.24002704021,3681.126982811556,2374.4176472424147,387.4372309743352,4581.0202172808185,5662.888436832656,4111.321116129089,4841.3259624281545,3527.5635284561595
0.5726864864864866,1659.052594469442,3379.961196186739,4831.60492412042,2693.074084281985,3242.788363933942,1737.755398909235,3811.1058473482167,2592.7819028852273,5441.401975093181,389.6092111322386
0.5762882882882883,2.2497995094277754,1837.8886732543006,4365.414558775412,954.3024896266517,5438.182635857392,385.4587784827449,1934.6354637655768,84.16379060672685,6414.805177239459,1829.9112629429233
0.5798900900900901,1574.9496821679706,373.8692232170496,2409.35337001153,2752.7076499278437,6938.435107650888,310.0017290728215,27.064904433517846,3725.281447043648,7157.854209999811,2842.759730973618
0.5834918918918919,2370.655475446022,520.3871685903478,412.14931340792594,5576.3000705371505,7351.237109802089,217.23348741313944,1595.0516642962527,7578.153906328616,5512.089327520468,2261.885619684318
0.5870936936936937,2308.5273143823833,2110.7417091323505,1645.2247262138224,7403.168052948041,6324.098104669576,310.13931342961985,2410.9760946310216,11112.688119794704,1831.8411145291243,196.88775436498958
0.5906954954954955,2517.280580894631,3361.4617242867876,3483.6548779642576,6439.695762463465,5358.671128068944,1730.2992539484271,2335.1059040010327,11046.510624218638,603.5051993660787,2473.6615693611743
0.5942972972972973,2897.1603777943087,3960.0084924109738,4647.089574121661,2721.2621049116515,5046.139445112148,5321.72499827408,1352.384069220998,7705.290292601088,1591.4742810572807,5205.400282516124
0.5978990990990991,2442.4798866008987,3033.9949091229323,5833.052488820813,108.6968560723959,4358.730809542066,6937.07020900808,241.9103246861587,3881.539582818105,670.6188446813395,6633.542256468888
0.6015009009009009,1242.9171472115554,952.3437026085871,6795.735601574164,1812.6894588149125,3531.2111773570246,6821.197081994786,627.0711494401909,364.78678756957964,1824.3223823707747,6762.77624783998
0.6051027027027027,608.0646690882021,557.9104954973602,6038.494018068381,1572.354190649616,3989.1017995207594,4104.836068589516,1290.2063467544956,2954.345654544007,2178.10777407333,5239.49146177605
0.6087045045045045,2860.564777923303,1441.2588473548037,3884.0814485668166,384.69632592022407,4911.614107728073,790.5166096996801,1705.3810658226325,3687.5375601143505,529.733536502163,2280.394588639929
0.6123063063063063,3307.5921420416657,2193.6789446260204,809.8151230619411,1430.4847528796315,6659.631857748767,4239.482258197812,2504.2011993410083,3109.8612204662145,3224.2527081165717,1309.812864537295
0.6159081081081081,1962.0249363913051,2913.4612290171103,2810.371402843873,1765.224048584621,9566.890764447295,5973.230237026831,3493.1623959284507,1087.0724749186004,8510.758451740074,5171.297316080266
0.61950990990991,22.279300186335107,3275.529981481123,5192.981768397698,784.7964554409568,10312.346146319669,5499.841495443534,3243.776746392601,1524.7447390935138,10724.204923884152,6601.566211410107
0.6231117117117118,2282.5946471582733,3061.9407752567613,6333.42409088636,1389.382169960129,8557.557025528355,3194.2223793961375,1946.5367555632251,4225.729029490445,10125.788705668214,5451.955619211529
0.6267135135135136,2715.682239716294,1990.4516334101845,4888.394539719154,2160.4555423808765,2900.3820752512725,943.1273081136094,353.71401309239303,6361.846299613121,7524.398578050072,2348.4755207078315
0.6303153153153154,1156.273249262153,308.2481841252919,1097.3293843790923,1915.200961996888,6250.057722382882,496.34368281646164,3312.068578849431,8186.845133981993,2835.402220257399,2272.707245624404
0.6339171171171172,372.6594152881787,975.1441191149956,1289.8275547212702,1189.609979177428,12105.488327167239,1317.6329335741032,4600.979588429479,8297.002000563378,597.2020978053071,5743.508718710014
0.637518918918919,1589.527919357663,1571.8914636459108,2366.664073018128,227.3134868326236,13528.321811487967,2188.2933663908457,4285.978051712149,6580.4909679842585,2150.2347528328983,7613.865670172507
0.6411207207207208,1559.9995673137394,640.8588958196738,695.350736700945,494.56450355901933,11249.927315538996,1022.8783426136781,2300.9706876945334,3933.9758945454328,2869.6934943200263,6663.168144965297
0.6447225225225226,575.4222402601994,1290.1274686813408,3662.610840167082,279.59254928000445,6329.164766825724,7945.005709309893,986.342286809447,619.8887786788534,2525.2334051114685,3251.774791207346
0.6483243243243244,561.9623566617465,2357.773117777734,6668.933069138616,1030.7920881401853,3011.7966315314034,15470.642778927955,2937.9338115799396,506.38660474104495,1592.7411197108781,309.3207896166029
0.6519261261261262,1431.8658272405235,2721.0797314581378,8273.681765714648,1904.491685557116,1266.5673168722217,23345.90170794614,3785.1476574674007,578.8822844369386,879.332078503261,3908.7277510361496
0.6555279279279279,2726.916583007026,1913.2193952786579,5789.852431605444,912.4037169744931,911.5341345669585,22864.365497455346,2183.2093815633007,143.143908848814,2404.318083936624,5890.474161620624
0.6591297297297297,3942.846240311759,42.43197770098213,455.7815912497824,1814.236976620942,1772.949498593248,13708.372510036266,1933.0666631926074,1388.3561898446674,7847.1198212664085,6344.964479163343
0.6627315315315315,4590.8522947892425,2200.3451007443787,5032.525027142966,4419.569251935669,1238.0542335873802,1115.4370718887105,4556.50061152041,3180.3105911691223,11197.939148394267,4704.420161292778
0.6663333333333333,4774.788780675653,4351.969588398562,7816.61006604313,6645.185850241543,59.09112974666036,13390.1876074493,5758.32854490079,5282.2422222663845,12403.919000731632,888.2838100077116
0.6699351351351351,4420.9461582327385,5612.785518641986,7282.806726594995,6875.043319077884,623.020894101367,19271.03345941242,4941.016064587576,5515.9472384916935,7582.503265913305,701.592605839459
0.673536936936937,3751.343474717521,5737.809735559191,3813.5134927019863,5272.809031715228,2142.9756554675596,16134.039239307267,1953.7185284524749,3920.2943304357505,2678.7809912528824,134.73604556183022
0.6771387387387388,1764.926145859258,4813.834589802592,964.0897789487232,2839.4190920472793,2747.608322279842,10427.988544128646,520.9350022483894,145.21352636486085,11507.5611466901,3101.365016100874
0.6807405405405406,1525.1469403897293,3153.4858453999063,1493.5748610563137,327.79723755084984,2592.5213823832933,2908.396842642369,553.0268935252038,5821.010731249977,18193.510331075886,8825.068813289536
0.6843423423423424,4789.078207380229,779.0320864440783,904.1420511664998,1875.676468544436,219.85345312591338,342.6421126794255,2750.227556954591,8643.995755665497,16400.84563125754,11987.72284375918
0.6879441441441442,7605.006071074767,2210.4803204850937,2610.136000014497,1816.873135122624,3976.9832892677027,336.17916158127264,6678.534775363235,8964.204862541712,6705.911649338448,12191.410975423505
0.691545945945946,7353.020548646798,3772.1746375950424,5389.0941239562,1553.363861097955,6516.332393421847,675.8300508940299,7714.102331968363,6579.668962549021,1367.2076263422646,7691.624984284356
0.6951477477477478,4125.371771086693,3693.72901223003,7748.341840729041,793.7202719333787,7476.241211709954,1608.2363041656583,6252.082608900915,1610.6980341404837,7508.491471869052,955.7145314801078
0.6987495495495496,802.1759804409585,2632.143333789609,8032.264960614837,478.65199714077113,5943.846371960755,899.7163303248952,2117.215404631043,2925.0799048628505,8030.1225517274825,7543.146718204322
0.7023513513513514,2124.957885821817,448.61866454187395,5961.932793649011,637.0857160473508,1842.9083544803907,732.7486024654521,3968.462827328637,6811.415095553732,3114.522171575937,11468.283102594034
0.7059531531531532,2134.0049231796293,1125.8456083446792,3345.1717579287983,1330.6076984682181,992.2022300886607,220.34799740186324,7771.414230504193,6788.573535133054,972.1062418044579,11887.060466736239
0.709554954954955,442.8788858793718,1732.919339048278,423.2264087228488,2420.4011137467196,2160.218091618673,2198.2631423464663,9517.010846292404,2805.5996768587183,4294.168289563502,9041.011379141273
0.7131567567567568,2486.511380336379,1566.7348999129194,722.4655861224121,2349.36313560415,2111.684811989752,3498.0206916249854,7631.370147928827,1774.5743924704407,4413.330398764857,6073.380900999408
0.7167585585585586,4216.499302349625,870.0935489012454,40.53269382485252,1560.0417044526864,766.3856162917006,4431.961167262736,2272.2031936466465,6790.363778019047,1078.3567124750246,2673.6182934979793
0.7203603603603604,3432.8105522213004,1948.4677422101602,690.4311853163417,599.8548907984546,450.7452818940237,3784.80436398631,2534.994782856775,7846.552793861419,657.8309123125476,610.1823974964539
0.7239621621621622,186.19069539732646,4210.828118728013,1494.7935481616043,3950.120765340949,1183.904609443603,1965.5059350736399,6591.640060061528,4832.952284811897,1049.7818100512607,308.06140766220847
0.727563963963964,1897.199000459793,6977.689638962033,1419.6871689214338,5911.193550637693,1778.145584818884,1369.9433917126303,6890.788526085086,960.262085797084,1980.42142283705,823.1462538316823
0.7311657657657658,2845.797476444922,9951.736444731967,431.84116284492734,6580.238731643779,2146.4954483411884,6201.497134338821,3007.9972225126253,3732.8201795732066,3037.4150649706025,2117.4050382233536
0.7347675675675676,2550.9833445691606,10735.267787295716,191.8981885575678,4285.457130866351,651.9951221450386,8979.033510360321,1389.300057463469,4737.654918243968,4549.549989243933,3377.3541682440914
0.7383693693693694,995.3050358777855,9725.481997041174,334.85871931762466,876.8018852153247,2607.86263156249,9242.186556340146,5606.638033474445,2176.862745660131,6343.795219861991,4870.444846696524
0.7419711711711712,449.3877319401214,5971.810915654712,108.75614937693886,5065.148554764084,4085.6516990326927,6495.394287413104,6751.461141718377,716.6889437283585,7010.583691722995,5628.784802974914
0.745572972972973,1483.9617215297449,601.4342355304282,377.5840094937283,7733.515531627904,3765.9587887664593,1210.9009449074138,4786.345108251315,3788.929014771486,6279.066733169609,5358.008997834624
0.7491747747747748,2027.4381401837406,5999.821887020476,616.5625433468572,7172.985055171643,3926.7816965453744,3303.7550141117204,2379.1219959016025,3675.3651776801876,3574.5771666114515,3792.21032081296
0.7527765765765766,2199.1473029325994,9772.454304366503,460.5326677424983,3581.6692246549364,4146.410952868714,6483.994469380998,396.40526562326613,903.4474938392117,450.6173404181403,1338.46979934948
0.7563783783783784,2209.7378762823187,10930.992166334263,1526.7160233204913,403.182697880512,7247.139574476034,6012.123895265679,1785.2570542642602,2599.3634628977866,2180.540329300934,1114.7206508133722
0.7599801801801802,1933.3098876059678,9045.76419780793,3760.7764701799556,2172.4982058661244,12571.645085801118,2263.5966995550516,1868.623386808595,6758.840851336644,1692.8775489524787,3246.697156405601
0.763581981981982,375.84173367763503,7715.793556430652,5337.474052791779,2397.362538145707,15972.052773510477,1198.4470968265491,2726.1708710314697,7764.593473542576,813.9439023729398,4831.206173832658
0.7671837837837838,2113.8014605252197,7358.723472367753,5996.918674883275,511.3010321978986,17396.518570249817,4479.928748212342,3976.4542049545116,5815.45910319929,366.7294074616249,5793.17102058432
0.7707855855855856,3768.618890349353,8135.227460552204,4622.753262427653,854.53164973538,11949.879023491441,6680.142074643374,4709.908166247531,2271.991093456212,1244.2700420557153,5934.057403443773
0.7743873873873874,4267.063071073682,9690.580279836777,1331.6499820752854,2044.5760729835265,660.7127236338494,7800.06669569595,4673.969138983002,2981.748214237129,1892.3624763903592,4963.857547760341
0.7779891891891892,2737.3240490687867,8425.082169992256,1954.5570612382617,1105.2405299370935,9221.844189757614,7628.426603831829,4265.348887652762,6280.989644771673,1720.9913805501562,2877.337957916724
0.781590990990991,120.0572100215965,4865.016909654782,4629.801702474181,1656.2883570767367,17081.89616903726,5244.0223183534135,3560.832803266373,7130.715655212532,783.0278111408002,295.0059270213253
0.7851927927927929,3251.960517017592,1114.0938584015505,5746.18074647993,4331.514355520033,18425.818663891157,4756.979163405151,3364.403040036124,6712.847804287846,169.25267630339437,2739.376972026376
0.7887945945945947,6483.763375492014,2617.2955980635406,5336.683170804612,7324.786579402597,13364.175504034665,6344.663165100557,3694.3905880220123,5006.986515446903,1121.8897623452401,5940.821036505458
0.7923963963963965,6922.032262094551,3951.0369538526993,4859.669118878819,6993.1620035627775,6059.398665339518,7458.157922703648,2612.2262585184217,4084.9140325173403,1607.0393861238917,7443.049459007899
0.7959981981981983,4673.577126449056,3191.571192644081,4383.127665622956,3152.8277785297314,3258.3714719776012,8617.444516708849,411.2630863096355,4256.469163055092,1566.0587572745385,7164.045830109453
0.7996000000000001,930.7987035095696,2842.3554723460516,2557.4119723578788,1393.482212181929,7894.410416601604,6546.97572561779,3537.25267070908,4169.233505334548,1097.8595535176075,5926.04156925994
0.8032018018018019,3963.8933072215054,2671.2012046738796,397.1756373495153,6405.828936780414,7247.901302078693,941.1838917732624,8132.493819936321,3233.892265001108,5888.751569488818,3937.1853225552586
0.8068036036036037,7826.364113060248,4201.4873381751295,3584.105955571008,7303.32918033523,5835.108419840446,5769.458565712233,10311.077321157818,1904.1312924161857,9315.800066314005,1362.635715034102
0.8104054054054054,10224.184196212935,7109.155296201211,6512.734268930878,3657.1280645650186,3079.0250691739666,12313.382947610758,10403.770382099663,869.0412723076121,11171.017182554271,1034.1435176585562
0.8140072072072072,8909.62853173721,8697.326568025717,6207.190960675686,426.6624273185204,1464.157890645886,12946.787422861556,5315.857002870103,393.2257088400125,9442.217645379958,1498.2657186616868
0.817609009009009,4659.970018555687,9229.197826575277,3215.0865727574196,4462.087776590269,1549.1370791549332,8276.212265043303,3557.0894742980086,580.9183488630774,4462.549067417318,507.5231881615823
0.8212108108108108,389.2138908519323,7409.033800437538,732.5431106480728,4989.920450657365,966.7328925973937,3303.797587886613,12633.965759932153,763.0508568119199,1014.222084795567,2401.8953907925925
0.8248126126126126,4249.887319074844,3361.941095004858,5515.285606847342,1849.6176959646564,164.23153485611633,1685.3668819313489,21659.268808959765,3792.919286622287,6444.19153004025,6922.003836410259
0.8284144144144144,3895.0405534005863,805.3938428806487,5708.833497105238,188.57097523109647,2954.9674447296966,3424.848420124968,22367.8510075019,6168.783927305629,8083.640720245386,10862.293660865991
0.8320162162162162,1563.2911801507912,4717.487663097386,1198.5617412824024,255.77991964742404,7981.3060993576055,2079.683343151008,14641.766028059761,6950.605939122527,5993.7741742546505,14016.098991221548
0.835618018018018,7956.262159880606,6745.400895206957,3634.894731229024,1304.647553660216,9384.70307959974,372.9208422340563,2170.3413571150936,4705.259359513123,2446.9699568685605,12580.37281377324
0.8392198198198199,15039.165068027803,6699.919943213789,8353.063784717477,2814.1477742441775,7091.243780850089,2094.557776292018,13471.099685075977,471.7859888594887,2313.960262581817,6424.145250810664
0.8428216216216217,15616.343255706326,5191.532596123604,9656.332593671976,1595.3655427471517,2377.419476238994,1741.6415748822733,21452.990076348284,4794.2002093948395,4819.0930523271445,67.49651751466799
0.8464234234234235,9161.145616801177,2474.7510080357083,7270.343688460802,1508.6855082213829,3878.2267675431544,1388.3865792087158,20879.766789414163,10104.316643774797,4998.4269382339135,6018.360718452501
0.8500252252252253,894.048499453914,118.5778896023178,3851.2591036033396,3499.7599618190297,7678.320934975202,3898.387790375314,13037.413046879541,12712.355918438383,3308.929334355376,8070.977029821554
0.8536270270270271,8350.44344420936,2771.007500547248,404.08300579234236,4121.512321736095,9044.871380373515,6028.115798955075,869.2404756980488,13319.52384619691,306.4840994532947,6132.744628809562
0.8572288288288289,11272.135659382793,4056.702887409943,1992.5416801126585,1098.525296032487,7822.587551583645,6549.115467843219,10452.101974213172,10328.094149014965,2258.4517310217225,3265.3383179805896
0.8608306306306307,7722.438773504982,3901.1547203427167,929.6339207152361,4486.485788370609,4100.729893482876,5121.731569286542,15208.177265249333,3703.964287540194,2301.5261416709427,351.08620544058834
0.8644324324324325,3983.2037992669016,3809.63915706124,1630.6555125878697,9128.001475761595,2183.9412441518202,2567.3304144126037,15112.487952437385,4718.552467814232,444.6579896266029,1177.6097573763634
0.8680342342342343,188.1065181159831,3029.220632465034,3628.4792435601785,12791.731587741977,1625.4366859813751,844.2697446380618,9703.211227267757,13896.089754000324,3126.9690264043616,830.2126844635042
0.8716360360360361,597.7551844930199,5186.023767840896,5414.154283150041,14192.087806364887,1298.851023934461,2958.7006204699564,3529.1483713478715,17331.327867526263,6732.3582270914185,1373.8852989516745
0.8752378378378379,1210.8426862574383,10239.442667200106,6698.704157564811,13185.3835391825,1870.4037428216393,3593.4443684210387,3271.9117294337634,14540.91034101826,9913.997988781332,669.9901250107511
0.8788396396396397,1141.6994991589652,14276.724349098922,6494.573667501964,10237.712230782574,1159.83053444098,4641.665951724765,7551.7214305054495,7414.225747781808,10747.767387901138,789.1827965945677
0.8824414414414415,88.10805825997005,17471.636289533744,5182.601276360544,5501.601917016392,108.67530200079183,5659.620607590243,8214.47421917115,3027.090381792981,9395.631992832858,2810.5489035435335
0.8860432432432432,1863.1276013486904,13960.161012374254,3364.9646115017385,35.724887655912234,2296.643112414502,6100.540235673455,6515.02827111258,9455.938749313582,6065.4421110981475,3748.842551644455
0.889645045045045,4566.70828951419,4009.5698894421093,1097.7226037964617,5656.6532391686505,6572.971709487044,6137.199920356429,2267.745336979537,11589.97600502165,837.7818370680104,3424.7097144857203
0.8932468468468469,4722.4382367929,5246.080184118276,331.7245068982642,8217.613518660211,5531.338017698744,4034.9015453301026,1666.9095818463786,10466.575636964808,3892.8746027974084,2941.4283661649083
0.8968486486486487,2872.845625577727,13161.737212826803,1045.4462393611873,7457.885357658074,320.29807187347177,184.46374001960285,4612.605603094452,5764.768845663227,7444.214469433703,2899.0048057876215
0.9004504504504505,1359.3503520445213,13551.837971635996,17.98385347110416,4896.345413772961,9072.520892071027,4121.758934061194,5889.262089772114,2616.418750896032,8341.149722070657,2371.638753042616
0.9040522522522524,31.000844781930695,6613.511662512361,2496.730655946558,646.6167426386784,20060.75764029607,8575.62906849175,5277.51473332787,1053.0317212779296,6398.8829271827935,1022.2089443624288
0.907654054054054,21.502731183495552,77.4103969824518,4576.520360723286,1686.0535200567467,24503.15803209473,9616.149002495642,5948.324921038554,795.4541842082218,3421.3509824845146,1161.501445754065
0.911255855855856,1443.689606369534,5475.852663836237,6115.580504304451,1706.2734687073323,21672.313734292875,7635.175604524599,7670.983382642809,2389.733444647618,47.0250622864397,3877.5212521449957
0.9148576576576576,1852.728699906312,5471.2682348716025,6268.152922466702,1053.2382221262847,11979.219297624042,4734.965028087731,8615.18951431018,3750.6025006528416,2472.9387920603394,4299.921332907901
0.9184594594594596,1512.9357102535243,213.09700939429146,5314.31062649233,748.1540507157573,3419.2436622967284,1304.4307802828096,8879.456290996557,4924.969310176134,4199.526634537048,1784.0457168932578
0.9220612612612612,494.12071892100255,3653.958822337367,2539.4631919721414,128.63648285368592,12626.631481017084,1550.4084424445577,7693.089103914648,5018.4478919229905,4863.199025430512,1707.3066582146919
0.9256630630630632,1292.5586346418606,6144.259749924777,1622.7235627828477,3990.9282543512354,15003.626177681863,4664.299451067235,5230.418927117586,3994.1923935711025,4479.2311608995315,5326.197882931609
0.9292648648648648,1284.6711406610227,5543.203722089833,3867.0596292267132,5985.645283263361,13303.403056202298,11450.414262752962,3240.9086000527655,2846.8295671086826,3627.483079561922,7309.542264695538
0.9328666666666668,317.2925873262656,1993.4533912318395,4230.773491162666,5979.080212540511,7171.447133514732,21480.711805948336,1943.8839613512273,1317.2992679988647,2280.2982176429587,7344.892493567983
0.9364684684684684,3059.452951375353,1852.9268381457434,3078.9564526618938,4395.1284813593265,2659.431513761029,26955.569303942117,1736.298573089197,1307.9639076037643,2406.896636126122,8353.646135768591
0.9400702702702703,6686.989399262475,5910.956926758662,516.3876013368883,1254.925324537711,166.55802888813915,27516.602811298304,2729.1425048689866,2888.584483936771,3894.601060206448,10269.667712289292
0.9436720720720722,7849.320468129195,8959.125601192642,2950.6395373998635,266.8030632300129,2066.6169930340275,21021.76230783106,2587.4346214464276,4564.84029321238,8101.402662384125,12217.128635215862
0.947273873873874,6697.290005701643,10780.912104432646,6869.122360968509,1630.5450560220183,1795.592371058551,7895.177106681156,1544.382228466162,6289.059638826984,14240.867408823973,13547.391383139779
0.9508756756756758,4355.843660095971,10866.312233054707,8757.62727825575,3787.230016595801,4098.995806512902,4754.492859316187,1792.0225143391476,6943.325210622616,17810.80100729894,10411.911623087828
0.9544774774774776,607.6420562617708,8210.571750934978,7889.101969993678,5852.275661606735,7700.1451769510495,16218.932693000146,1822.3092811304405,5529.2180736923065,18146.5245009625,3293.5600533408583
0.9580792792792794,99.16553481207734,5456.085952132692,7027.795288790873,5464.057207658945,10843.030799294454,18162.507522156873,6798.127117947945,5190.043711808326,14631.303206818471,2318.7918888360796
0.9616810810810812,3180.8060281584685,3545.5214156816087,6929.065356690214,3104.4443758513135,15048.721051210976,9757.610116801396,17231.997070963233,6150.319573770062,9091.34922806347,5055.512656216095
0.9652828828828828,8322.579594971687,3428.863294338794,6463.220766964252,3121.6515975061643,15883.07841450322,53.01056644081162,24738.83377809201,7925.85711417922,2685.2646164254634,4242.129895685075
0.9688846846846848,18045.223574786443,9222.569152674268,9707.814188177501,9713.785505579137,17763.215710267275,13527.278683535644,33595.56447771505,14109.89560368054,704.3493803139721,3558.48847016421
0.9724864864864864,24059.897230415794,12619.882590171585,12260.92949388366,15085.399023077089,16589.20540744187,20441.531140391966,32194.234625358888,14471.668704221232,2853.8287073213746,10824.33269075714
0.9760882882882884,30032.15657949937,17098.72279174102,18028.482443144498,22783.606986574454,16725.991785424616,24574.98888255007,24916.54684256591,14076.759019989144,12652.386685054666,21441.562773990554
0.97969009009009,40851.18766196067,30064.57180070152,35243.18335673983,36807.31087730226,33689.06173747235,35610.22213039839,32186.17927143871,20710.227134229288,41395.4353885455,42644.3961437302
0.983291891891892,56410.04288452486,50963.47771313034,62571.63314513741,56536.43988490264,65279.47431570236,52644.28970723526,52383.617047921354,34583.315038220215,85671.67378396918,72297.87466722846
0.9868936936936936,99161.487953699,104518.02160776473,121958.92388527135,109595.1748051619,133552.50891908395,103983.74585490361,118792.53287670581,86756.31888456197,162312.71709722248,133268.6325010665
0.9904954954954956,163112.62548887054,183639.54008625954,205789.46009845394,188978.25962397247,230226.1023739032,183015.14388546933,223236.1672885817,169827.27860935492,261995.949768306,217574.38793337715
0.9940972972972972,243431.4942409754,275223.79392753827,297335.26455594983,284846.7681601607,329556.83036121697,276924.8355799253,332045.713576016,273450.022686855,356690.486424157,308599.88716148597
0.9976990990990992,333150.10846451565,370788.4164728003,388348.30769193725,388328.534396722,422765.3154696208,378005.636099117,435851.781436513,388545.70435075066,437572.8329365862,398512.1105376995
1.0013009009009008,391730.1450680415,425181.1951483472,437043.55785404635,447709.48214642744,464858.9965791042,441596.8216029379,481961.6447762287,460870.41351511696,465754.90957066015,445542.3955789317
1.0049027027027029,412783.1866781414,432872.0585591227,438127.66427085,456753.66230033984,451054.46978140314,460623.1959089159,465431.9489922804,482501.90270190703,438291.79100620013,444580.5509925181
1.0085045045045045,383768.92234537133,390762.3588509973,390639.04395040084,410674.49343138526,390071.6559626086,425274.9146957572,399149.4542733371,442886.0833669985,368269.071967511,394420.03738852206
1.0121063063063065,308238.7777297746,303876.24647776963,300276.5114991741,315289.16125316464,289008.47657769156,339916.0232467269,290392.4232063052,346936.2987216089,263945.54051284824,301199.9230000146
1.015708108108108,223418.06260272738,213654.82912943393,209122.55190276355,218553.19218422717,193998.68406117902,247180.94257205923,191119.2279555719,244374.43185952128,169771.01832978407,208262.56758732483
1.01930990990991,136682.35830304588,127760.47130189186,125079.12910920611,128370.84742170063,113278.43555824239,155045.11908317852,109518.32300643818,143956.74873207932,94005.60903503333,123584.31220780179
1.0229117117117117,74760.62927566419,67464.14950422464,66296.60214441271,66572.32748266302,59164.72530535753,88064.0942049515,55260.70663948297,74264.35089268198,44287.519018351064,65393.88493339554
1.0265135135135135,44320.99934966871,39959.339590418975,39710.08259680859,40473.276269407485,38373.648202704,53986.990893893504,35922.62263556025,43510.14559684653,26752.104985315993,40321.29193108514
1.0301153153153153,25528.501781028026,23382.485724676244,23109.98197238591,24236.42690482243,24930.885654466183,31869.74292345714,23878.424072706035,24533.3361689773,17182.683111197723,25152.84018297616
1.0337171171171171,21093.234824111445,19678.11991240545,18128.342268645712,20100.389592169566,19752.972274344007,24404.754842466693,19800.313176411244,20288.71070775939,15417.485686263562,21420.611572531598
1.037318918918919,17760.640904254877,17431.588486509685,14844.477009805256,17589.45556565896,15945.333098128194,19392.24526243651,16662.41097801955,17283.909442268174,14462.564318629622,18326.373694880498
1.0409207207207207,12815.929162400951,13109.20962375782,9793.607583697332,12851.353927863693,9538.985860287183,13760.861071113617,10043.792054912406,11863.457007369369,9956.228765294438,12280.294738976741
1.0445225225225223,10365.980810524823,10901.7319858156,8245.877660428627,11022.268234556184,6805.2595124193585,11824.008460031468,7216.37442485633,10123.706847878504,8405.251877399873,9281.210425552883
1.0481243243243243,6213.534084462659,6800.901378565781,6076.576489099949,7792.826095392236,3836.288929235433,9113.702917544759,4268.394557891491,7053.578612165621,6255.399959292782,5195.778220214354
1.051726126126126,4406.555494750357,4923.296447979479,5814.324860944322,5747.24159404639,2933.0472056448175,7904.666411289365,3618.5155977288396,6094.919752668916,5201.16033261206,3485.75690849984
1.055327927927928,4045.460874508369,4468.664230453656,6708.276361920818,4327.28165916454,3763.7686709092823,7132.824321413349,5002.291165620329,6346.580483613275,5120.643884368481,3733.8875383619265
1.0589297297297298,3524.8988873948097,3435.955310624972,6491.080166521351,2635.9694362820705,3643.5275510247156,5758.559934899581,5120.083019204579,5310.7837634651805,4278.598946544584,3424.1002654770928
1.0625315315315316,3467.92394465521,2599.4421679194857,5812.393719945523,1442.2833173974702,3266.305547522942,4486.226000930015,4705.1134932520235,3887.4179347956306,3408.105893269629,3219.2780658424554
1.0661333333333334,3501.2121398252334,1735.3491199349398,4705.102727674786,1248.4612009262994,2744.5041737986153,3675.1650527328143,3742.368297665469,2824.109135434242,2568.3207203640436,2466.3205510231714
1.0697351351351352,3628.838762836168,1091.3266137038245,3290.6401317242153,2117.083034903451,2056.44331547276,3273.953651793187,2277.8043631729815,2224.4343533893993,1958.8934006824759,1241.984229311614
1.073336936936937,3525.3070456604137,557.5452796351694,2127.8893054904174,2825.489980752913,1302.4983044392502,3388.4422950599273,1374.9434159456728,2012.5803365164572,1723.1062620366947,431.26161396443894
1.0769387387387388,3316.0275362335747,166.34507586235424,1471.0882776991532,3411.3059230252397,688.6966121445203,4136.0596436608375,1101.045988772468,2273.329255509543,1903.8070611859634,252.02828231549148
1.0805405405405406,3093.2684787953517,487.97927676251135,1347.8208943274153,3444.6973236791728,771.5738148421292,4549.257901548231,1671.5737028802466,2856.6398000086133,1940.643076353912,979.7786310809087
1.0841423423423424,2791.20502762382,1459.8087620864922,1690.3049775807,2820.72147414099,1528.9639618473084,4639.722425615059,3236.958074277284,3785.2127399484793,1798.4128017405633,2459.4517506837246
1.0877441441441442,2292.401847537379,2393.2454971865395,2120.2767933123014,2251.37731006961,2250.958723071094,4038.5156571744237,3762.677452524801,3949.978985733911,1806.1509164559247,3468.6796314002604
1.091345945945946,1673.5488639340658,3228.4393823765554,2620.4000483202244,1812.0654069982195,2908.3408292382455,2760.527827699713,3310.229649116731,3309.6820218810876,1962.9987867086948,3950.3400197846713
1.0949477477477478,1112.2703472302658,3640.8296481779016,2605.197350834356,1481.7241547254844,3194.9943658651428,1020.3286251825818,2462.847167750659,2396.054495223916,2154.23591501979,4019.8804639644186
1.0985495495495496,748.650266150614,3460.8648507379435,2043.221863920125,1302.493846022799,3004.222933098371,1093.692264420451,997.0621999532365,1226.5430969802032,2302.0345120955985,3687.3810494896293
1.1021513513513514,603.339187239216,2899.7838555578323,1350.6179830478452,1051.940958754217,2838.39039194657,1831.4943633515793,997.3764130933105,529.6846508850917,2323.603407905326,3464.5701946316995
1.1057531531531533,743.3912782083044,2124.976550104106,559.9426547861483,753.4384099677376,2784.557702259257,1073.1347907299623,2464.5825174075885,411.4562256082706,2226.749362995203,3251.251901923822
1.109354954954955,908.7592729636242,1479.5475896558376,129.94370161120614,643.3932104269404,2634.3784922363698,102.22106677563926,4469.170566946631,926.173693947802,1773.7279689203326,2877.401616996638
1.1129567567567569,950.115378618247,1038.0934486792767,613.4914930548865,832.5441026684446,2417.434881230932,947.8243184943863,6859.310031404159,2038.0064418879324,1045.0769580017832,2477.000557504064
1.116558558558559,1680.9476386504211,561.2388631545919,456.6619755859286,1211.1579740982415,2088.491911512379,1461.4131593137536,6818.61085373062,2619.305799835694,608.3224007506243,1975.1385159266906
1.1201603603603605,2940.962829618477,61.2617294004045,312.07311292039884,1579.2839792154073,1600.8639403224433,1424.3742560587687,4429.473654629546,2633.40759670675,479.42577128965297,1496.803726681877
1.1237621621621623,4291.741233426827,24.243918772564584,1102.7126479317562,1845.879130066488,1681.0555556514933,1017.8725184953121,1379.7294272703666,2609.510722977315,398.60965608084246,1240.185696864353
1.127363963963964,5653.721214727472,484.2326820472084,1847.6252862310928,1983.4149165698007,2324.3618248253183,226.26496478669915,2136.3488181582065,2460.0297371338543,425.9533773545564,1110.107424769852
1.130965765765766,5522.420441889665,1308.2665006167047,2317.972559758617,2093.3580660664056,3114.670277087794,209.52011002311013,3509.481015565302,2509.72816614656,649.1043651546282,1122.1237007856641
1.1345675675675675,3858.617109623918,2343.802831214765,2444.697541417004,2255.3854752423595,3978.6348061461454,936.255588574946,2600.4478685554973,2702.718593632502,1031.939772682965,1247.260286562395
1.1381693693693695,1381.8026378332916,2886.754475817197,2189.546117635327,2172.7782975551836,3787.093189364318,1282.2343722591038,1015.4371602281607,2832.8450321224927,1416.5701046810398,1522.1279548435166
1.141771171171171,1525.5447839124365,2914.5999995082166,1508.7577479582003,1771.9252343078563,2556.7876714029917,1186.0629619848357,1129.0918730306973,2909.6754264632154,1686.1117385122307,1936.5342471559568
1.1453729729729731,3076.775568184926,2302.9787588953786,1118.2998170184333,1009.5636937072853,1020.9705897277069,1274.2816801120903,1906.6389720136444,2278.7300710321233,2141.7470159170152,1921.0657105914063
1.148974774774775,3179.899890188788,1170.2627599110244,1080.7870947623874,40.25165650360468,663.5151281359249,1623.99237338603,1332.153656571721,1049.7313493224908,2797.11254810253,1463.3285314196082
1.1525765765765763,2230.2691897388972,490.6729854965811,1036.3909645368014,282.7122591541689,1285.2184646445637,1626.1029890601048,764.4994406302314,179.40740299337847,3001.088308441163,594.0229286691736
1.1561783783783783,407.1232739067624,203.43631082666263,1055.773561961246,51.05568089073401,893.3340714116484,1282.9588707368516,55.783777445675845,1274.477234973243,2767.337675764062,585.5209221998682
1.15978018018018,1216.1620353518717,516.6944912014953,833.0024473255127,823.2310696042017,61.15844473380789,653.7500201508433,78.71391424846828,1997.4651520553498,2238.4631225290195,1215.003987781109
1.163381981981982,2566.187713959535,1507.1621268521121,383.3364856547444,1917.1987602458366,1242.2398659571872,247.54376177801797,768.0188330453642,2349.504406456565,1402.5609309036965,1269.2056454209082
1.1669837837837838,3311.9465609741133,2445.395326232074,169.80957231015478,2556.152641212521,1936.3605394746392,1157.1642366349224,1425.8874935773904,1878.4625435975252,782.643004521401,626.5721888964341
1.1705855855855856,3312.133132771,3255.293499428509,812.9669530451704,2751.000740619044,1955.7726526877318,1918.634545937816,2085.2723061980214,638.8548631523377,464.5072995770407,695.8029313457404
1.1741873873873874,2440.271500596352,3282.975671456173,713.2223145127036,2564.567011508052,1581.0899685320037,1431.4348018513551,2299.3113975832734,642.5949002782338,763.9345383985709,1512.3572330405004
1.1777891891891892,689.3025582062584,2410.087672442647,180.16870670448492,1887.1160635582007,742.0969631978945,230.87999687164717,2090.792126027399,1874.6497355371457,1628.2643453182789,1729.3138724884548
1.181390990990991,841.1189317211713,1328.4285575552378,957.4300242918365,1352.7401403253916,31.373473625702374,1582.5395164394333,1375.2816692370338,2358.3130164231775,1980.289943131152,1633.6981392772661
1.1849927927927928,1882.9571617822726,132.08820880546656,1490.3343010785395,999.5775402144695,450.6248909839755,2532.628523808902,208.65366996314538,1987.6906917078652,1799.341315576723,1144.9955066840155
1.1885945945945946,1679.749263266684,479.1751165710771,1827.6928114994814,613.2371772498315,452.5954152871731,2892.2904887499917,1053.7485179858877,1115.1173696080878,1198.2534624379696,948.0753134288449
1.1921963963963964,228.38750727428308,385.185713091835,1890.9348120603056,372.25629008630034,21.7316679161259,2517.8679158003097,2308.2286763239417,183.275204970733,206.10658771140152,1078.2321015093607
1.1957981981981982,1090.395733574693,321.1958525423125,1962.855547706586,41.421398342420304,547.521287699864,2245.329120574496,2556.5145466249983,677.418245993189,510.5141496176803,1230.5936006997356
1.1994,2100.6895638121555,239.09610704398793,2143.729801677651,663.0132624149252,1159.810357974008,2216.415449969869,1702.1714052498392,209.67324337820548,926.5884236104424,1409.038717718444
1.2030018018018018,2260.714046608528,380.3193532416962,2249.4634558797406,1131.4339728800514,1397.8446678942312,2172.168152635184,311.7285928223663,461.38699159658074,926.8593106938731,1107.0165611080213
1.2066036036036036,1575.0302991088456,808.1550118880153,2216.6899534429776,1395.7498607539658,1198.3133025139055,2113.5468681070265,1431.4912132438537,1235.1313137997386,456.9733065442634,392.52479432583544
1.2102054054054054,1000.9748641331197,513.7096076812156,1615.026724499939,957.041346823192,905.7125399400844,1595.3278687628922,2554.232055671868,1590.9615615818004,225.04372435183177,197.68779248371277
1.2138072072072073,538.5391654419203,433.7171079658746,528.9100439314784,201.1101312916469,427.74356033598264,599.823822152593,2958.4718774286093,1537.9681144732922,220.27145601286543,582.1668797736448
1.217409009009009,72.13366976099783,1377.2863787433098,125.53601710928119,1176.6293751294234,244.76572101983118,429.5781175313226,2782.044996646838,1535.7687654987694,133.71885523265618,672.1136381071904
1.2210108108108109,321.51750815561263,2253.1549681704223,447.16625797025773,1776.9459477114806,456.9385916745677,1077.6716088747253,2009.7241365817151,1549.4277912973944,48.40245110685132,562.5136769600092
1.224612612612613,659.865571479209,2235.776414105926,1138.9019944617014,1985.9220423936008,643.5178742755613,2039.5020573933991,1552.9259027414482,1703.8732732023952,240.65065682814762,270.82410880699035
1.2282144144144145,849.4750283823555,1299.1189624476638,2057.9763022622005,1775.7733897233836,800.3354641852789,3245.580086371503,1481.4721340120939,1905.1626798589361,648.7369152364895,239.03636985522232
1.2318162162162165,448.2870810855729,231.28977454638613,2435.4462477887196,1688.6959027078353,516.7123833103715,3058.416747823465,1356.9509140893317,1724.6989057038747,1147.586167780259,727.5868001149728
1.235418018018018,485.6593662045137,778.9302099788014,2322.535635095647,1744.1682180371686,194.75869702593997,1526.9307422912782,1180.7671351437448,1219.5981079014985,1732.663656253485,1213.5640264950855
1.23901981981982,1390.9544177498371,941.697000377937,1712.5687044828517,1697.7022461222627,762.3521523852708,522.6562756225459,1098.7351404228652,862.408102369906,1707.0241438387136,1349.4304857449188
1.2426216216216217,2202.3715036927324,288.83441461810605,609.499517181903,1510.9829671961656,1047.214089093311,2869.808412801979,1146.9317276191562,748.5582682649438,1086.6314814811824,1035.6150658091306
1.2462234234234235,2181.59762244925,424.26341732927324,176.2535287573783,736.7310427042751,837.7846325931844,3572.8183017177344,1251.8058340751372,544.0441292754897,198.86644427428445,592.4805490007969
1.249825225225225,1303.289809783787,1124.1976564862432,651.4703101655942,450.8707431875491,226.85017316267923,2723.348920437195,1376.265055378868,246.50059041598982,810.3515790328682,75.17286782426847
1.2534270270270271,718.3773819146379,1568.7968291183367,875.9981745764205,1251.2689484744071,441.8813728235296,1043.2392728838677,1125.1216116659782,226.8850167196452,1515.5585873721475,351.14300330603874
1.257028828828829,431.3982759858957,1810.4489456031508,716.2174905877499,1592.3509258201702,1151.999111737126,1459.8800788501028,532.2487951724626,815.2306447786857,1903.145088646007,1382.1286369571499
1.2606306306306307,795.4433458369958,1736.1143702492375,387.6703888729219,1507.201540430842,1757.4956626191915,2923.151820080925,371.9711719695773,868.5236402117728,1421.7403661573817,2359.425832766725
1.2642324324324326,1818.4458119058752,1247.1443513013346,47.051732601256404,1066.8102411746518,2164.6805926369316,3113.7930276226725,1575.3594031662228,438.55741262271385,82.14002382979494,3191.2793921414523
1.2678342342342344,2529.191043690765,582.4584985428039,253.39426669916153,516.0261739668321,2522.7562366210263,2505.4524968573924,1941.6517046665879,566.2137532292459,1216.9433324134877,3098.1313566774147
1.2714360360360362,2916.1031208390136,206.6921859695001,164.25413972142502,211.9029875218855,2714.9634891990922,1111.8545727013698,1335.7947857275012,2058.2258789011207,2405.5284691892984,2132.8859582744894
1.275037837837838,2302.727586318314,468.5223936169089,81.65397964290689,840.8347682860768,2453.330262181838,7.654801862441611,482.53014488072125,2663.369307413496,2876.5981434062523,943.0369293861327
1.2786396396396398,711.2090965285344,61.05615987849231,40.508784279702354,1194.6769473919644,1828.1664714587944,661.4292514317488,480.11239333042295,2296.5523303421073,2473.7816650204472,387.96248992951166
1.2822414414414416,474.92200584446954,796.6333359701641,81.70297767958517,1566.8835555176333,1029.5056667845834,842.8283879580782,1040.7366331190879,1506.9554428008855,1754.9643508034849,1171.8335106902855
1.2858432432432434,1210.4778027790276,1990.5276115437161,214.6275034133301,1887.8693233430554,186.6000514953929,530.0412270016051,1082.056572761934,344.926420483797,730.4077238188263,1371.3236039268206
1.2894450450450452,1213.6746660930432,2388.6833732459268,284.37898418517585,1997.0308037053962,622.3999113494217,208.5495103987471,1067.8959569785964,419.95738129789606,436.61947830728104,1190.5457921265447
1.293046846846847,448.23740171708255,1915.40038598787,303.60639152011885,2008.2129812086775,1318.385208753614,242.75171989635402,1085.3061855978663,718.7459693350944,1037.740839575678,540.5864863531559
1.2966486486486488,295.40015787305043,1288.5753993224425,412.6842888352622,1876.766973771992,1590.4526723383676,500.50536142067125,1189.3576044641961,657.8255446645907,1390.154828668392,72.06744789011535
1.3002504504504506,967.9174537449305,529.9700700861301,594.5021927968737,1511.4800880700254,1398.1707423882726,429.22277471170395,1313.7823831014116,169.15004153639467,1448.3273116542875,534.9333244249419
1.3038522522522524,1052.4440087917574,209.24036210113306,1024.2621607003166,1002.9284136752028,791.0147719515977,210.50000211057946,1022.797720308965,91.9942718089277,1085.227854020809,794.3417353150862
1.307454054054054,476.5345344793349,381.2173491135431,1637.6755723560564,454.8298790902036,142.73641242111344,219.6641565780232,385.3659406247112,421.71386738733685,351.5335231633493,761.9623163453055
1.3110558558558558,92.8697815497651,275.41098334323686,1948.0838735445786,240.78600160636103,1083.9985621945139,363.62121226561635,79.37455593741103,566.4052904404613,75.21421851180894,737.992140057046
1.3146576576576576,23.595303102884134,53.71969312347433,1903.382695248025,436.66547129909026,1939.8236845648125,89.04566912532422,169.78007800641942,542.4212124277524,233.49396134337985,730.7869165388906
1.3182594594594594,138.22729056550565,484.1391355458453,1495.9370019666535,558.8682688791372,2331.0005461664286,433.5182547680998,722.1289317913081,248.1327526985575,707.9116860068765,818.4425780033927
1.3218612612612612,291.66485040365006,1027.2052617130935,843.8419072169609,503.896674255404,2131.080138919866,1130.8217819845636,1602.8251930293272,205.56915902137789,1401.0807059841584,950.9528186637772
1.325463063063063,258.10960781575795,882.6069153771159,103.1020535343482,251.56291560608472,1884.6944875880608,1339.1388741050137,1881.4944965630878,802.4388847945511,1442.323451322116,887.5557283480052
1.3290648648648649,47.50486517908201,58.79102310495966,664.4327092720093,123.25214384796118,1606.7520445563573,1024.8763184657994,1579.990374346235,1578.1488459071566,872.6876653527485,715.2546061085144
1.3326666666666669,363.43849664776417,682.8612149742197,1101.8339110544607,234.3246622427905,1229.895270718535,707.0178541315919,933.1221943928853,1898.7410446175609,333.12660561284235,298.81404070434525
1.3362684684684685,624.0387270798572,1212.9769765985634,1212.1404287456567,124.79744822646906,856.944297217064,473.01014129752275,7.573157509061785,1671.320929699709,68.93467027558346,291.0637419470293
1.3398702702702705,842.0974141137458,984.2621406101172,786.789577418421,145.73364098457446,132.19898679519596,724.2097248256504,463.1531453509576,1205.4158469417966,262.99435622017006,847.3955071380734
1.343472072072072,959.6542176387878,91.26265332847301,146.19744802484325,535.8524202430746,806.731273281917,1359.7822936758505,430.2794725899439,576.465150236818,317.13574976431295,1373.6529750358825
1.347073873873874,661.418981977651,714.4056149844173,1196.197236224566,576.8063207402106,1786.1211095887152,1695.5579404939012,321.7972290483819,115.18874721834891,323.60668141913953,1524.2996159679064
1.3506756756756757,27.650375496905205,1400.8578219585916,2302.8497759439374,352.0995116441417,2797.1172170461336,1790.097401388949,72.81144360281188,771.5130056807744,272.5784802568393,1284.3186919354484
1.3542774774774775,286.4223193899427,1368.1050008774403,2419.1705991628583,204.02003732225245,2732.0585310258925,1525.1776782277168,78.10755008542985,957.5377489132629,63.58861743735007,571.2874800789816
1.357879279279279,280.8051937869369,631.2820620577684,1460.3865918735912,52.21710022962089,1612.4940572796013,876.3641171309692,22.060406369288124,696.4059532110891,648.2480268437033,584.3360311060325
1.3614810810810811,137.6877287880858,156.57011460527,313.3521293048765,89.4250681943342,151.38058068897772,500.36704152297517,55.13979169106569,311.27973306305665,1126.1366774676026,1319.5396654199749
1.365082882882883,169.69748565116956,1019.7805227906359,890.0701322865731,334.26456819568426,1564.0678455406837,390.21972055170926,217.65002971324796,232.02032496982463,1513.1318551287777,1525.4161437384723
1.3686846846846847,468.3391790389126,1623.2620785521844,1363.3333888699565,606.7857082891911,2482.057057068155,331.56468229474683,194.0442997538986,715.2356179564005,991.6104606358141,1254.8117867616315
1.3722864864864863,715.1326878130585,1842.5497222648814,1034.3092868801325,940.466353930216,2411.9351230590405,361.3690294903846,8.629160097273173,1011.4696463474153,479.61697980403216,510.93342268823505
1.3758882882882884,884.4606491360606,1770.486307198444,370.98249940884233,981.7261150863241,1756.1384456407566,190.7334988126689,467.6483127838561,1024.0601013738308,1450.033139076386,144.32096275331642
1.3794900900900902,855.2175614039089,1353.5616316159837,507.7790442500768,707.9692335937663,642.3239786077718,156.24915397214687,1136.9944829249137,760.0220603760282,1758.8735179275925,206.82853132512082
1.383091891891892,785.1498998023447,905.7776107887872,974.6473679012884,320.73319062921564,56.51484415825876,600.385574167749,1385.189386615102,435.366631242756,1167.2770054944515,518.2437193235628
1.3866936936936938,834.6487898277073,527.3242498229312,1037.525734462744,204.76291220026638,253.84040481549934,1145.4534259557895,1162.6017837896493,149.5349597054042,262.99483422938766,1138.3498655539847
1.3902954954954956,371.05327752358363,205.1298655297465,935.1874976338075,202.95401675971956,259.30053728052684,1321.9206303331985,292.7493495512008,22.68453816121878,1325.6552970619036,1161.742307364802
1.3938972972972974,545.1196302091835,36.68601275378377,656.4248079452956,318.6253333624134,46.25781987140637,1083.2197054294343,1082.0379121275328,2.412088767077264,1946.3803497173221,587.6159134097195
1.3974990990990992,1387.5287021499512,307.89297293140424,103.56950728971269,951.6960878701548,215.97848250733978,710.6557978314288,2106.741962781407,227.01380299280643,1633.5491069226132,61.82649742415648
1.401100900900901,2201.5205985449106,530.6977516990158,729.3936983025947,1709.1705052328414,530.3089253542378,233.2133774864481,2698.7684069432557,728.6263070224848,372.73525626941415,399.71198245467576
1.4047027027027028,2101.498894262917,755.908714238951,1286.2524568185422,1774.1342052449,1019.2301481630639,238.35822535990891,2663.622295695372,1267.9926738778047,397.93026497259643,328.74826699264344
1.4083045045045046,1020.8735186264927,976.7135631013722,1393.6557463846955,1078.292158007265,1572.1328616020976,661.495825630555,2008.9849145031587,1777.144408614268,590.787285466108,242.70401878923127
1.4119063063063064,511.89332222152956,947.2136490475845,866.8898004536594,185.2828787034935,1747.2909171652054,975.4536827841727,1209.312808565589,1898.5460902675036,441.1848173231037,866.4499774158752
1.4155081081081082,2384.3603927741424,747.619771340138,170.4605223766768,813.9953987368757,1513.0836210307066,1083.8670714849097,299.8169436490645,1595.8532225155484,15.914604544389917,1510.2615909504339
1.41910990990991,2880.2456299787164,359.8084468988734,1149.020102585479,1250.8247643201064,885.1252657909428,1214.6276471575266,489.96892126185895,898.730167753394,393.64785774803613,1735.5597757856694
1.4227117117117118,1888.5789628358038,205.62743865462758,1972.4294299708272,1056.7763959321933,57.59616884276446,1382.30678759942,1008.8000021954637,107.38938470046043,829.8428330110222,1537.6766465031244
1.4263135135135137,578.6111563666689,700.5775760583499,2068.492420755128,664.1575111730504,616.6466046919389,1216.3508255701736,1224.0306646279403,672.1474373184853,1013.6748544063256,1255.552117663515
1.4299153153153157,950.3059653202357,1091.429553696944,1422.7284923880686,135.58564097300044,729.3633695682532,744.4265283372469,1098.6635365613063,755.1564118328772,906.2881005380104,884.2245950141972
1.4335171171171173,1524.949456038488,1047.7257173919593,712.9964213221083,224.77354646305213,558.8026762574083,178.61079468848303,733.2505751515188,530.9781748787962,594.8189319632035,516.4753912817173
1.437118918918919,1087.8451170454139,582.2647780477355,26.343929917335554,421.58624564735015,66.8886180354582,343.8975538041139,176.43557131667706,5.15972884705499,77.79782195743444,154.61363714478767
1.4407207207207209,419.33591139908674,38.014171917097144,490.7267121594204,637.4991110264293,156.71629312262874,753.1807367179748,220.24012482476826,317.47359383343127,550.7778022246615,26.822220139437686
1.4443225225225227,533.7684858437136,490.36587725446566,820.5155952411699,836.3556728229808,33.87508578711234,1113.5464452749586,381.73921033053875,349.6546432861404,1214.3687439689556,173.00262428482708
1.4479243243243245,814.8936645263391,511.7290647299275,662.0645460227593,749.9142780516526,3.4991801562294764,941.150960251605,402.5494695472166,224.35137767966324,1118.290208798519,484.17797957241044
1.4515261261261263,319.04300973784825,56.4911870579441,71.3724619420933,314.2106806962634,7.217027669043229,158.52998663216417,224.6371902297108,104.92909309025481,245.01254291818347,973.9203511657057
1.455127927927928,113.32195773224329,701.7589255075413,738.8140758497171,87.05938492847851,316.74159167093444,474.2869158180479,175.38777826575674,319.36039275839084,674.9979416349605,1027.3005203128657
1.45872972972973,144.50895764888085,1718.1501105213881,1217.5758376676538,328.6631970953323,935.6818710865505,859.3290616704068,311.27717240672195,362.8892316502916,1552.7561778673632,614.9623310966277
1.4623315315315315,365.0572110188048,2347.710282743027,1348.9819924857104,203.80493983058824,1217.6026193280707,989.8848629891265,412.9565366830715,411.35964256322603,1827.7914269074556,32.00070778297081
1.4659333333333333,788.1512414817541,2435.812134007206,1075.180075909217,278.0311497567553,1154.67871939337,766.7993604174666,470.05895130725054,472.32086830718606,1381.8146269080185,950.9540628861287
1.4695351351351351,961.4914520063603,2140.541306472374,522.7955180376227,661.7156542730547,655.8984112341204,407.49924366733916,356.11134278910686,511.73527662014277,795.2594416230871,1214.6327059388382
1.473136936936937,920.4695220146781,1496.505258934399,231.3033023877687,844.0896117640889,212.38592615235905,25.238905385902964,94.90725438740263,481.77483875878795,235.28360295449957,719.6582626432718
1.4767387387387387,496.474079001115,622.4543091905834,504.8551080665522,632.8821376972096,652.9732018627508,5.424717257100596,126.10702252595007,306.7017029449784,35.01727977339129,37.26705401546573
1.4803405405405403,316.595241523512,340.0851650242582,271.4307845754906,108.31365417728026,666.2786537069012,324.78049129188184,261.33506261384764,18.083386897795823,54.762192527153516,728.1516809734505
1.4839423423423423,691.7019526684363,1294.6308881252562,4.076229177657753,220.16900566037523,201.75409964132785,391.9084422639092,202.92310825385363,246.59455347232657,85.25734693208932,838.8979636906054
1.4875441441441442,574.7324183351161,2154.5829928371827,244.47866674506167,333.00323856147367,749.6097528254628,220.34060434651235,38.163390541972255,428.7726292658156,95.87692529224184,306.45923404886946
1.491145945945946,373.9442215863646,2607.2098644554776,455.34831619341963,464.0152899094369,1256.6740942184604,58.60694196223626,196.14469051649786,456.1232886129215,51.692010427617355,387.4978909789188
1.4947477477477478,82.54177408781749,2618.681823226402,686.5140916174855,600.8735141305107,1291.822212271574,45.844719754283624,255.44266719094549,349.16771870790996,348.3608280216301,1191.0804782867783
1.4983495495495496,69.8481776999718,1925.523271534932,609.0920631448236,655.6083219565849,919.2934434604654,32.44960843272813,408.56979935628704,302.4238399814649,755.0761550786847,1407.9261135831443
1.5019513513513514,40.647373457346866,556.8897706223373,152.96774085678052,577.919127614716,65.36369561888881,211.53050060848483,642.3981992004891,326.42674179763105,1179.0606658294635,1025.011872951915
1.5055531531531532,34.092144635738855,594.0711531431821,289.67331178049454,193.37039527599705,526.2854576648867,386.9513820000996,904.8746359538961,290.3977699084298,1049.6271561581202,580.8997062070035
1.509154954954955,151.78700250287054,1348.512112785665,658.5274959708709,399.7135815213514,745.8425622702059,610.3371668976483,1115.1341295421896,194.25107343719736,418.82508459131344,114.17015901978698
1.5127567567567568,44.179492620292535,1424.1351557587889,728.4992925659933,979.865345562615,619.5203656820593,644.1589540594717,1163.9483083587331,38.555953258192,312.4427539045292,231.0218869194493
1.5163585585585586,547.4875121881025,784.808007519288,472.51947538509694,1520.6494209378566,123.79896219356161,468.75142423511494,1107.5708930971932,141.78648612292014,1108.7363214336765,448.83677492901245
1.5199603603603604,839.3584927205668,306.51286420175484,94.144099302436,1614.6550637061096,181.9920763439814,389.8309374727872,832.1999913810438,170.37177164491064,1293.5900562070888,522.5243185259552
1.5235621621621622,864.5383375793001,41.2765439024997,880.2309091906103,1240.210683103109,236.85304550915149,375.4949979288954,361.39150971325284,43.821762180697036,850.6442156746274,397.5947768685705
1.527163963963964,802.672649965649,145.94037182241524,1201.9815324539063,852.4289713842381,218.46309107182205,393.93848396134166,28.655041551635485,144.15677077201136,270.99338579500494,99.7250274388634
1.5307657657657658,722.2887194714086,707.8026117084037,1033.2134804696657,482.5425950278616,161.57256936872972,496.5205588649845,302.9234254984519,358.7295481723378,453.31539864795246,317.4609968780054
1.5343675675675676,597.177347026359,906.6159571612995,647.7176470972269,189.63501290481017,224.52098187574856,651.1676126286952,428.8799761583204,489.40022939318845,814.408781378027,688.3029053719224
1.5379693693693697,386.08130813379194,716.1286650515597,106.2103161249565,22.989740142718937,335.048629730663,790.1740606235182,401.9133458418819,509.80573861544207,692.4568288716958,958.2459073415214
1.5415711711711713,177.74796964901944,351.41406603729035,292.29645783733747,70.83549533579021,361.63779123418925,768.4358954453791,134.05782538152866,568.7106133641228,388.1684359017518,794.3328827596036
1.545172972972973,12.987667182184618,179.52772220510454,542.7027289224864,50.090229511382134,320.9438653475897,598.9602435886851,367.9034639334364,700.9726790464908,43.85935826859004,195.4145079905745
1.5487747747747749,140.12544672188625,301.2222982821473,620.8831739709553,56.03693316020218,280.4870141569043,338.5240101118445,694.404165128875,695.1180636365082,351.0842390013737,393.8215238465896
1.552376576576577,154.1884255868777,5.484954513150093,481.21787191462096,159.3997449402475,300.9574916616111,30.000342087310486,731.7510184679019,541.2168017887772,484.4627689623395,908.5548964114066
1.5559783783783785,1.2477393880903438,323.10398869169,250.74311857357253,51.19501809530634,418.77312131367364,300.7796518480449,639.6794875686911,275.8392341581276,569.9069752310576,1145.7703202402322
1.5595801801801803,315.0446669321273,667.4979830210708,2.6661026990455237,259.00178914712757,552.8606431811223,608.583448745164,436.56878810703734,86.98815157192891,608.094900957487,1062.0875969912809
1.563181981981982,310.0619022590247,656.1379134052235,232.572022261125,495.5747316661821,524.147758919649,846.5508776346883,147.93533390442656,174.5305666576627,561.4911110515872,856.7652600517633
1.566783783783784,74.18216143500413,269.8194326825152,461.3573571284803,654.8628207680999,357.67639065702014,1001.6271181387265,134.04733426735115,27.712819013393315,368.19494107866916,583.0086343873323
1.5703855855855855,375.4063542038996,51.75282669178016,305.4280511357337,580.8925738050998,180.65648829548124,848.4141854929846,447.92096362869125,425.1270312677662,65.62662771828678,359.6285888051607
1.5739873873873875,525.7411937591984,292.36944429330896,190.23477773416386,264.73040286534956,32.84752364321315,425.2260573914828,803.5909379051819,998.4280254494233,243.88760355601937,183.5760621348007
1.5775891891891891,323.4398891913696,260.84489226547754,764.7945324625982,128.2717239936177,36.260381244697456,180.80686499641848,1064.4443084290651,1112.179790153023,431.4216170448443,105.54901525413958
1.5811909909909911,191.5516947322975,57.884258606531105,1434.0418368885996,600.165653594875,55.9755801940152,952.4328250269166,1204.53263246778,737.7671071534799,494.6435315904414,145.88909033382853
1.584792792792793,541.2015783405544,222.3058297882745,1529.1405062686472,682.6470658556467,156.25020642776425,1322.342662247393,855.2713263766976,193.41773908801704,478.1480346202485,379.2010286062825
1.5883945945945948,738.8854492261568,222.90220213394062,997.2228196296215,280.2809255392084,277.6656352932443,1194.1180783440602,16.334480766542494,486.98495239776287,389.46648247232537,787.4225042582858
1.5919963963963966,522.4103652321347,100.68955929291009,33.65350034894831,7.662109393059833,289.4319551347211,805.7298916847491,672.8709138819336,745.6518413595675,422.97222445449785,1053.3853391134737
1.5955981981981984,126.49990324526652,159.58979813093814,1342.3546494648385,90.812375363077,235.71973703847797,199.54856156313306,1073.6842833192281,540.8782028467064,579.7621869555813,1131.1099170999391
1.5992000000000002,490.73096163715877,293.31153585130113,2138.2157065505035,13.880005557451696,14.782687848001189,241.53872843142761,1009.4788998986382,120.23206908357949,577.6776857071666,810.5929398638929
1.602801801801802,548.3078433847832,282.68921161773915,2154.205740788717,198.94687703636245,339.42817397079386,409.95163831954864,537.2541215700139,465.9337949133356,434.5798251111996,130.84502460137082
1.6064036036036038,236.04520808404703,249.4403318009799,1638.340454322214,202.6411399600927,569.1655079839386,406.9341794120372,173.99283780919615,681.9621740639496,235.8216725101603,428.47378442939646
1.6100054054054056,428.89671559417627,190.32835635113472,705.6333381147941,6.935024746785044,677.2195682730381,269.09350366381506,50.71616485853102,494.94693633766667,15.17754544680974,830.704118076735
1.6136072072072074,936.6411912074325,224.39918448265166,99.24523756005591,329.2191531332491,582.3730678037862,169.51237466939168,16.808138176976183,152.5542879642171,98.91544523814916,763.4614839982786
1.617209009009009,1306.3365826880197,339.9582605950832,168.93207975896038,726.5202522542924,285.0686088123341,116.08924265456696,274.99852404123425,313.0409326803666,20.09910737647432,212.90200207050367
1.6208108108108108,1109.4628379672251,359.26929745620606,145.6983256097487,670.929156829169,103.76040254337634,116.00230979573664,411.5110896069683,684.8220894495107,138.06397693002978,300.4622153916892
1.6244126126126126,289.04007753342665,285.46324443360294,248.17755383779757,191.04112878890663,537.0375136395586,524.3220734642116,424.95045254832144,941.2787812012871,395.6119490557201,740.5168779481505
1.6280144144144144,409.11610624045073,106.5587954718993,356.3112570571721,215.25177916834716,711.9721007075221,766.8680817385707,436.8678132805391,990.1616298099492,446.30041640526457,824.1072448183355
1.6316162162162162,902.8293333580484,152.13548424764411,155.3787594649462,498.5410422537981,589.8291110154253,736.9143997826966,393.935902050698,784.8203297609971,227.11892847840124,467.0473098117357
1.635218018018018,951.5519030235549,347.9279661026518,2.847208941522714,536.2504679738875,249.12199822582028,471.42903535135906,341.10230146668346,432.03068270349155,10.830593259408191,35.50331926022007
1.6388198198198198,533.2430273944971,457.8130238864438,134.57810129852027,360.61984600109525,256.0085066022321,54.79856689896415,274.23363203554555,34.723572785701535,219.98520006139984,378.7213435875264
1.6424216216216216,32.4623550640577,486.49812951331376,161.05834707705344,160.33159332321765,643.9553465989916,153.39164479097593,138.51176866109114,437.02309761174,246.536856689615,572.5736419133842
1.6460234234234234,510.89058794661673,463.4518730867239,112.1837118283737,86.9901270506422,877.4715061841322,119.16067936698906,14.248518227190159,698.6482199465203,87.91664326398606,537.5307061255168
1.6496252252252253,665.86719673761,354.35051042625327,3.222890541372973,317.32538787882555,888.075588789924,17.34822501653191,158.25119307987043,703.5996926058777,45.602351043765495,427.8313050008756
1.653227027027027,375.4708488077421,149.14733487623593,224.58194829237735,461.966530348941,645.8918844864278,212.51587790193182,295.0811314598134,454.3288219280434,158.12993109518376,259.07734617159645
1.6568288288288289,144.179733900797,35.65994108378787,289.39336006701603,600.0862341001762,360.5134299516279,161.5591366278479,324.65506369390005,238.490569739625,62.653894133868235,92.21819740754064
1.660430630630631,13.336792240559479,188.23283329867974,177.37416686930703,741.2633303238568,75.40917662570781,111.1108282380237,245.9020166321916,99.1130600163585,236.34090346808063,92.06657997602674
1.6640324324324325,78.19539069921498,146.96951715309822,45.07347628151002,607.6969425116755,164.23316889545592,253.2755252382343,54.3002125611832,51.677288454770554,359.49020003219533,228.9871733452869
1.6676342342342343,32.70946737758541,109.83293512279168,106.7154349725985,202.96829338939946,327.23914952623386,245.87564736723485,234.28400800708965,86.60624161512365,294.12385868929726,245.0457060434431
1.671236036036036,29.53717238624355,395.82605237486507,212.4997586259203,163.82766994127545,368.0444802964087,188.4666332284578,513.1650339752582,147.71704764614714,106.98862783173834,106.20881011928314
1.674837837837838,151.2713957938914,671.5920222627053,260.8081952268128,463.0821327351797,255.889581730597,122.49380296195953,754.1952853835603,263.2157645926269,154.47209783517818,153.4470664206906
1.6784396396396395,170.60454944682226,625.6647216413272,166.17844821951226,473.59924855311664,140.43811091603158,174.64199752820514,778.7356614744253,332.913906883468,356.4492067216787,331.17557154297896
1.6820414414414415,38.16243106135417,268.54394831876203,67.3816376497638,176.68746419533363,26.5572519905019,301.9524589588106,556.5510558847201,329.99996280284387,520.6268116022522,391.11124047491603
1.685643243243243,6.045470914977111,132.81668816689748,235.17425638202863,194.00727983116676,48.24406895549422,285.2777856163835,302.4228823935471,234.96608569674666,540.8437217153203,261.7294832578563
1.6892450450450451,50.646285170074734,549.9455295952386,312.08586569705307,618.4674572852833,12.783562835924045,155.10827628846218,63.5147458438938,56.250679751728676,386.7622058571135,33.52979911568007
1.692846846846847,95.9971708172822,627.674766848942,281.14403004338357,648.0390717072128,72.20939078140141,101.75660312765636,88.62778667080782,158.01815955799955,209.17515429827256,197.7624014866799
1.6964486486486487,121.72804913470608,360.4289907104592,156.49475572854055,218.71315148712713,254.21528276424158,473.35452022483196,123.14778189564905,385.5369290243524,20.043037870102108,230.20688416664538
1.7000504504504506,152.1461200291806,59.97488594818845,51.340949547235276,233.69872075874525,481.55711810377414,614.9158800494706,129.28659363471252,402.22393752686213,161.5661036666206,197.22668706642358
1.7036522522522524,199.0352180468557,608.4353341473351,348.5425699010787,626.4506437401703,733.1013734384869,514.6244290331877,129.84660844746472,213.96838474953572,304.6582820057528,98.75653238937137
1.7072540540540542,175.6207890692516,877.9156991835694,525.4673674520018,661.6392722984458,709.8777731421411,315.82473290154337,128.30966462048835,67.1992831205147,313.0254976416035,78.80871198235967
1.710855855855856,64.5935109918367,836.6443038019303,543.4152632037242,352.87859174884244,386.37035083869125,35.85862147827886,119.94976958082961,425.9435014055055,156.60802450427175,118.93904916986409
1.7144576576576578,6.389228465954173,519.7095189756895,423.539006217942,1.1709964779913522,67.83909776175128,146.4576427710754,46.516963964800304,631.417706021469,55.42569072324218,184.64812087685007
1.7180594594594596,15.490873308468148,76.44619305111138,156.2354689246457,421.0320479412669,588.1902769613479,220.9885202057928,109.78840967497742,658.386326130263,55.45774196858095,298.57789992870323
1.7216612612612614,0.8388918881471447,508.0323108332804,73.45527986677676,517.3934132585716,778.2917904826305,149.24529300454435,114.74496797147667,495.3214849943123,33.70644430625425,349.9849448528863
1.7252630630630632,46.73428251853608,710.2286726540108,214.73934229958587,228.6955126509271,604.3516433616061,100.45598527482109,79.93871985357585,136.4627669942763,17.012944789714947,314.1995512387321
1.728864864864865,95.63374543300465,591.3479331650399,221.35431183614457,1.96908310005021,347.4931874973246,276.84974358381214,250.98154744315192,138.33353771714334,136.14596224732287,227.42097448970793
1.7324666666666668,146.9770720011161,133.72502691079362,87.63949950853142,147.98154831167946,41.75657518551745,318.35259107586216,343.0490560079444,271.5015893960717,299.4079134239233,107.83808435076398
1.7360684684684686,209.55770997050166,317.33717759981795,16.158580921691588,182.0209010192013,146.2592128255201,322.06734406804685,234.2913889179803,261.1280441578573,456.588784977903,56.61423657242147
1.7396702702702704,269.9741342964384,692.9423953998286,37.99862889754426,87.51162677838677,186.48245786769306,305.1867671000804,66.1583390970318,103.7437805394702,593.7229182105638,246.97483177708827
1.7432720720720722,299.9832743429774,786.4865551414541,87.2696267062738,27.629390106980917,288.82491453991844,280.70154403539624,331.36811287331375,16.745990003800348,531.0426720159442,370.1499833278034
1.746873873873874,289.854391150421,577.2238271303679,136.30660197822996,5.980601305798544,421.820944751798,239.84779660682372,500.37858773975876,79.80886451994343,289.30278455258554,414.01081353570567
1.750475675675676,287.96376469573846,287.5197484428866,140.93848885182342,44.13890947557317,480.6307890508067,166.4161514142494,466.3323920865309,125.78839621140466,30.276496574941486,354.86924067118184
1.7540774774774777,314.4762874557206,70.7491704853838,131.38011622233327,155.0077658864005,497.8446204067269,80.27416098081451,251.79784372415284,129.65739425108268,235.66745355776328,212.1263014910478
1.7576792792792797,237.55638426762923,317.0534956219379,155.08838818281046,100.09206351862558,249.48369687895217,74.41233284365845,142.4969527499206,213.6568304707828,390.9371454968033,20.770269477530682
1.7612810810810813,49.84389681091647,402.4492528525569,194.56951368276515,113.9647914206519,241.89127936809243,291.3611317083167,144.09006065020552,369.1770413810564,419.52171055639224,332.03700895353745
1.764882882882883,163.29932281141632,398.0136842111262,246.5238785868372,258.98746045623614,611.1343822706061,345.74906515929604,122.37805679564875,421.34585721619834,328.8074536683597,498.1145512719477
1.768484684684685,377.9015323917181,284.9177555549081,307.66760722697893,321.23915088405386,821.0423981090253,206.94899866551884,75.6988070121292,372.5620889506858,99.73052716825217,482.55570203795423
1.7720864864864865,485.3274428379319,146.3682357120438,276.8974444181257,229.44481979719194,705.1697367808315,55.90674088548976,45.26476642324603,197.54565074557274,86.9761411441048,334.95297396248117
1.7756882882882885,473.2507736171414,18.81066715620424,160.62717960528636,1.8426523800021541,260.8174572987767,62.479081768413884,195.31938624733212,81.7508065117463,181.44066498836378,81.11763828740038
1.77929009009009,354.41511827475887,85.2537812667615,95.72491532672701,189.25384891056075,171.0777658709323,98.27300061215432,227.2946982126125,266.4792509333584,167.42867565548295,110.5244938040383
1.782891891891892,149.9921231197271,156.96951096754745,73.91409820957728,317.8989685184055,543.8017827620598,51.72922209343761,178.51618650472616,339.51982406294604,43.271672578269026,228.83194692579352
1.7864936936936937,30.136841814940507,169.52806370251076,113.07488836507449,307.14146254940385,644.8569594037103,27.593408209128526,50.502319368425724,262.69757052389264,51.446149725786704,208.202869367988
1.7900954954954955,0.8812124875483291,106.81143336345535,207.56470674046412,136.3311897554013,443.707846483825,28.592730245950133,156.2216480891152,45.66882910413504,95.98852314656783,33.825715029942515
1.793697297297297,16.99601422065188,28.558917310545223,256.0347358767729,8.84868533616788,262.4831290188368,89.19536953934369,248.50032430742598,142.0729912217259,66.61923070671533,68.85912858381737
1.7972990990990991,93.0625841568183,46.48536729233384,276.82961469941716,39.885211069998256,108.84776558573479,202.05059345423507,215.07216617493964,281.14629325019695,32.06594937436402,84.65850532266501
1.800900900900901,158.72624474630476,99.50116421037993,168.05676228104593,96.40944405679498,73.43867604121458,205.10234354486184,133.89063299267542,322.3784512889598,92.04435444971854,34.039326254277654
1.8045027027027027,217.39978795312138,111.8649995917683,93.10147153525013,165.89549244124433,178.8281261642468,100.6654976526779,17.231560963564274,256.3779028548487,122.95676675064198,76.075476350846
1.8081045045045048,213.03276717840387,99.43475932225563,319.7173637274224,275.71849604980315,202.6296676532169,16.59047695392194,86.07538942007379,142.1702095350109,140.3637743493787,155.94624335931874
1.8117063063063064,110.53368919350847,75.81340662269403,477.47197160333474,409.21871911087413,151.4247844315562,127.16469514636402,171.66202301562828,13.122814463208503,129.05957240322792,215.26558773251583
1.815308108108108,18.4175085706135,67.93358273280691,467.78301847095634,450.67529781773897,27.203178820283718,158.02328723368575,144.34052308832597,138.67437693567297,127.23125474404955,177.79714944405552
1.81890990990991,139.1365794778105,82.46041932970257,282.18664089799165,398.76083410721776,177.5584320068591,110.7450976871825,10.155782158329558,216.65907223164638,123.7886712200425,18.99753995305006
1.822511711711712,205.67658106477433,58.44539800146213,82.72806453657053,224.72210977694058,279.83618039550987,53.57092691739783,166.95619295956126,210.02487020982988,113.33527088035153,109.58337980512492
1.8261135135135136,218.77356205776175,13.193681450980309,104.6958777734617,52.75123335086558,267.6687972780238,11.321260805956818,304.1535920973076,104.55106622395365,115.61722725003919,183.6670044986186
1.8297153153153156,178.89438371149558,53.822093297644784,126.81239739482666,212.62113994107617,187.95182701190723,60.95313571418524,360.82896958598667,13.102692741146539,95.5515183345725,206.34320791173084
1.8333171171171168,83.53927641240516,52.8862604319407,33.4080236598871,224.80802639289809,44.285416916632805,72.38755687797651,318.85152047077275,125.24790785765438,52.82390809905615,169.55383171902537
1.836918918918919,20.0336541380412,7.0092021944213085,182.07892756020635,166.02107450601315,50.4137009581026,102.52094226934864,200.82737050553249,170.2351733798237,10.595511372941647,104.72334497431444
1.8405207207207208,8.010519284278796,112.21556002488279,292.5131722834065,62.33344786362242,81.62468692804912,159.65058165518684,13.52984054809045,126.85566486092101,95.49464583450194,24.189846626954477
1.8441225225225224,41.316123620406664,145.3836422092739,289.7605331731175,4.571232761848598,73.44977167671414,145.18604912426858,103.91785705150217,91.9639845911356,124.6834225172946,5.659649599655688
1.8477243243243244,59.979098658430985,111.78189234278703,177.15325477540534,20.129687647087888,16.27024448490832,66.79820486046603,118.92115272673597,77.5738216359289,98.45059011168705,18.0774651222072
1.8513261261261265,75.03416737263287,25.411516688062342,53.08920025789043,25.26205570254735,8.708109655631038,76.84368635037819,105.45278828170387,99.84282747146219,3.205985138516732,37.76076031153735
1.854927927927928,85.99447097947633,262.2635722449334,91.58473864918494,12.640283524199674,7.083809811062175,280.38510448063533,73.7835494647821,160.76843580654665,181.76652561752033,53.00177560199934
1.8585297297297296,109.2766613627769,406.1482120205151,180.33292534989303,20.03949894551174,1.6515505635544399,385.91428384520094,51.09219173310974,158.30741264931024,263.0937787721001,77.31021705825762
1.862131531531532,155.8338479016356,434.88003032114557,185.13482134172102,15.080161972737525,17.93992265195895,370.44795382443704,23.845004044405474,92.50738939678467,220.2233260401345,116.78232624967325
1.8657333333333332,160.8648705645795,351.1787334588641,179.83223355227304,23.710927632545488,64.71600576778958,203.66451965570093,2.6685894231251575,7.43956133888494,84.7188529598116,135.37098848831857
1.8693351351351355,99.73081685292938,176.75656118075838,172.54950434281616,8.41685293360514,125.17594623298332,70.9661495680459,1.8972969315140886,106.83663734592744,93.58800500461732,106.9231640333539
1.872936936936937,4.0532114597242535,2.7203415695926996,151.3521195623393,4.389154885614782,165.75819626864975,309.20194453342134,3.0429766354117778,152.25861070884798,228.4285474935926,48.05154061177612
1.8765387387387389,132.66889775460925,127.55065701119047,144.5279316120644,23.963277397906605,156.46485386214383,394.19177232063834,58.41829604691214,86.88431713492946,247.14615567099807,20.213025695490238
1.8801405405405407,248.8253191707275,130.0061859192453,156.1981915214001,66.17257211905701,79.83096347862353,279.30737230252936,135.4772047401165,59.45998146903961,117.12125763202206,60.248102911795726
1.8837423423423425,312.11718129688416,31.478029384186375,167.79569875912046,103.04377984892636,23.487967221155266,78.56815652616342,183.92716411304463,206.23752619805492,76.64362069309637,61.166368432461844
1.8873441441441443,236.1530074364553,45.23209804738442,127.4573783029898,132.00687030479176,88.73315460347564,55.50332048190827,177.93041195252147,253.05720585537134,191.8450909862022,40.7637772308905
1.890945945945946,11.066236510234525,97.88795927109534,33.26206939164021,163.1649096804282,104.0698429924973,113.48192272670995,106.41334293631674,185.42577131818715,211.6338621403916,8.765442217911854
1.894547747747748,189.3545534496322,81.50179524025344,42.021814560024914,115.14390589382349,80.49247776784816,97.02190746594599,16.863736864111402,81.05234606510136,179.92299757117877,10.16627950697686
1.8981495495495495,351.93390149759506,24.51234670966109,86.99018619949221,26.856834438068823,25.10631126592208,16.93652545538336,173.67877214039223,54.78728044323721,95.95704238752937,13.637083490900885
1.9017513513513515,370.2027123593518,127.13765711115646,74.14614863764153,163.7954795855673,25.190704864986422,81.20799483433355,253.11848126684964,127.80959197226728,21.251204355152154,55.78448760705541
1.9053531531531531,225.0644754318758,191.0994846471946,10.559278371570864,249.9698409070265,65.2929338939916,75.01486796404404,233.26890614220463,119.81027917756776,32.87443917021381,129.13193541770875
1.9089549549549552,30.4585185095049,199.4043671237277,61.03576765786632,283.24731191035744,94.51208365676425,57.9561121227007,160.5280816011253,75.53761050787026,72.26255710030485,194.78973935924344
1.912556756756757,163.95407315629728,93.91603067090021,132.506248353511,219.07022185893197,93.97550078882477,40.7072814139551,33.08353464606437,10.322961576340946,57.75706811080289,234.76831739164524
1.9161585585585588,162.56875548266993,70.42105093676487,158.6398120684331,79.24314297813285,59.46500927526423,40.07951479045921,70.78822819691347,28.9790018355313,0.716528014229731,185.00995485403521
1.9197603603603608,29.466376602637663,203.29845522679693,136.4736549948237,74.80885654843043,1.1442845147871534,39.64832060426203,118.80457728666602,41.201367327076056,63.390896920332246,60.716108407027754
1.9233621621621624,182.40143818674463,246.5412117754779,75.65066427230454,133.9080926578868,68.38110315489052,41.96125995739356,145.37097118042027,55.220191136432604,118.88571546354657,64.17682854980404
1.926963963963964,269.7331854906954,198.8639672969911,19.044602459069097,78.1144846882072,126.34745319392808,56.23499987271163,129.2447347399557,69.69134372672681,148.64791020605549,170.89171148351338
1.9305657657657656,196.52045472815055,110.04824444364453,122.76886088268253,29.6203772188613,157.18230080640862,50.127690956414504,111.93827920910289,62.91971063598013,135.19683944706932,212.45776274284168
1.934167567567568,46.7892547368303,14.755886630218296,227.19521122568628,1.0446020788592896,154.95867659139745,17.974383142096436,120.61664778850539,31.629964030626695,80.93553611983013,184.55415242479208
1.9377693693693692,250.7131019988072,116.12790558125212,264.4332257193488,21.024440507117752,154.08482088447124,8.33439071143083,76.03062444890324,40.00530704345334,22.338985162992675,122.6943758669475
1.9413711711711712,358.4836355883749,176.7916848851565,210.57660129165703,80.4308199041311,160.99821619083718,21.179042334073124,30.4600712643454,130.25794470726282,33.744813490592385,34.27655944742702
1.944972972972973,366.00899979936685,209.75540670708824,100.86721116894022,138.1350554019058,164.90039754941319,28.501448914928798,144.7087840699176,196.39734302575175,85.98541041029367,54.006755072670366
1.9485747747747748,178.0315548486894,180.96640341611686,61.76751488294548,203.2130671215374,167.31674490450087,14.286960088054686,280.93785413794865,205.52650003301252,137.52651085701004,133.3805878054176
1.9521765765765768,34.76670416732453,74.07439614850122,206.22128899502664,226.91339999066966,136.74541042859545,27.293213878943487,314.0936548237915,129.50555855158424,170.76123609132745,169.73772398568437
1.9557783783783784,141.82622532006803,71.48473127767946,292.78259086014754,193.4817899067198,78.77893078316886,75.7783674107666,199.00995188111466,5.042599492768026,166.24659781712117,148.37444960683914
1.95938018018018,162.86497858007036,162.20814868786115,299.0367979521181,152.25411077845175,7.815951978528277,102.96550590740591,1.352771262194194,89.07740170931567,121.84918560240435,86.19484923809404
1.962981981981982,83.76047987140683,175.6237806223248,216.24265632279418,104.2654739217103,68.75694721776753,106.69580227051428,262.73808279506954,139.84477084412487,48.93453315147488,7.247844498670839
1.966583783783784,13.00696177222347,102.26577090544116,112.39699946635366,31.49325755839329,113.94337865158529,62.69346887494066,396.70636575295896,144.96553748008478,24.760227256604185,76.32349619761959
1.9701855855855857,31.621677916180968,33.361265958150774,9.498529067143533,57.17877139412499,117.55248314174266,21.25857743953109,360.0712626276025,108.43789884354136,84.3254073618499,98.75949635185651
1.9737873873873877,45.30674614301719,147.19743395874391,77.01541778194324,142.8086350446493,74.47579283521299,90.00738147967006,235.62276588285047,70.17216247649547,114.84906394316319,88.61977153329825
1.9773891891891893,43.55829062388219,191.50365980723228,135.7296579682619,191.4027696644248,0.183404873660751,106.8539866841012,71.97386251075326,56.70909358166133,92.46433975991266,23.018718627138472
1.980990990990991,157.01556071429368,147.9342835596384,142.27903856530298,206.74544171634633,101.96409521826858,70.04462632694448,73.05726553005407,60.245433748658606,38.4170948292265,46.736175260525535
1.9845927927927929,170.87320309679205,34.93635007825583,87.49885072645922,201.8670676178245,207.49639631995058,8.916598502298589,149.45246222391427,52.62137457393542,6.524694115000039,57.10608725587146
1.988194594594595,122.52747894339343,115.90872352305793,5.402642723053469,147.9925597629455,256.7335749052664,58.68102061740319,156.2020940251822,27.544685644333,49.35722465100832,42.07961668784914
1.9917963963963965,43.290114739627846,254.61197071945512,64.36211278323978,19.39811528425797,191.2740054260013,105.3873129086941,105.62103151015297,31.075390596186548,94.51144036653606,36.602454915691894
1.9953981981981983,37.28263916727454,338.53056052980327,63.55818704121946,216.93732282536445,70.11510818697786,107.21538088223575,47.019820326083455,132.99740355586746,138.254524384631,74.26753671033433
1.999,71.6065493389826,360.0211138485523,37.104897330972314,366.71670785604164,260.53549214446554,93.4718521505973,152.51621785171378,196.21122765105352,160.03089232217292,109.96314453883565
