x_mm_fit,p1,p2,p3,p4,p5,p6,p7,p8,p9,p10
0.0,13250.000872793078,13661.877614055853,13884.809193507843,14206.774219781642,14599.423919752677,14806.390855358413,14735.914467537898,14704.061879002453,14454.71000846395,14113.916754724889
0.003601801801801802,13216.081939191154,13631.67063508946,13957.775040950919,14200.751220656874,14580.043634003685,14716.46042468993,14799.71496167757,14665.055069749977,14458.923566698553,14136.600009389236
0.007203603603603604,13202.450594097174,13626.901896356976,14000.694529408045,14150.995402099023,14558.053052790488,14654.906148487562,14878.08880664908,14654.395907220041,14494.356188664371,14158.665499987548
0.010805405405405406,13203.17397095911,13633.462255655364,14016.38634378482,14085.551116173452,14537.50259683195,14629.996019952803,14935.972859533329,14661.091877513642,14548.895659790212,14167.334850182631
0.014407207207207208,13210.798189647681,13640.584644882987,14011.644202146881,14026.396493443735,14519.912191914287,14638.038770615043,14956.829570139562,14675.931737726809,14610.048449016744,14158.405856058533
0.018009009009009008,13220.803945331389,13642.915538671688,13992.451718756842,13986.500650306936,14501.870551154954,14670.413093516785,14938.289607174444,14694.600054229928,14668.993744891795,14133.244300297587
0.021610810810810812,13219.006445357107,13632.507333234045,13976.462276295315,13979.846264232652,14490.495842961602,14705.26592071691,14891.130254212034,14703.57645585042,14708.844284573679,14101.386650832868
0.025212612612612616,13200.874672111053,13608.959002206711,13972.30568598647,14009.877192821334,14478.78716949092,14723.481081571837,14833.454375900359,14699.868696558919,14722.888521115914,14073.675095597344
0.028814414414414416,13167.258159246274,13580.236251100909,13987.487763405486,14060.70936860457,14478.9753872029,14724.107940084032,14785.465060795867,14679.30296781738,14708.821444562296,14059.296077313606
0.032416216216216216,13123.519632936073,13554.075567690954,14018.492481379779,14119.188502566683,14487.312766831294,14706.598719666226,14759.562470083334,14645.972006969207,14670.78985601184,14062.007996306205
0.036018018018018017,13075.3748717981,13536.076016990317,14059.637653520322,14171.496772746199,14505.071930807513,14674.875884220932,14761.885105866157,14603.49328611241,14615.019871834227,14081.94389339014
0.039619819819819824,13039.059896689303,13538.89291563194,14083.870645157585,14206.205208046442,14501.193853384148,14642.546500908393,14782.229681328063,14569.864633242538,14557.546890266518,14108.081031174826
0.043221621621621624,13019.943170278877,13558.04114063275,14090.43060635811,14222.855425980675,14476.919280271744,14615.101651754225,14816.205376527105,14544.051070492935,14508.110721709429,14140.299822972489
0.046823423423423424,13026.243716497303,13578.908287565979,14080.99485298508,14240.532863552782,14423.319479798687,14608.367197827241,14838.223209181506,14522.484788199228,14473.941225181541,14172.414593279405
0.05042522522522523,13055.060774981075,13599.069385005057,14056.368986904243,14255.43806008535,14350.519004785272,14622.626424809805,14846.823957817567,14504.376313514884,14459.51089281401,14201.87491271292
0.05402702702702703,13090.565297150279,13593.61320980091,14034.844298923243,14280.588957677646,14306.515958704973,14649.62663630766,14830.288045560132,14464.708658406234,14456.672389675738,14230.775750212435
0.05762882882882883,13123.34387282056,13568.688448730194,14018.961070893805,14299.569658529721,14310.922632473172,14679.811597604314,14805.618687245134,14409.569604953802,14468.227142925194,14258.913842607339
0.06123063063063063,13148.402837418276,13522.137586333813,14013.607356203098,14314.19250206238,14367.619323424808,14707.429514357693,14778.261933957303,14340.683418267596,14489.573522996658,14287.204598749271
0.06483243243243243,13162.442454783366,13479.678564459424,14008.121391442573,14311.482635685326,14441.636595064321,14721.386381406553,14761.100419612443,14288.419022196902,14523.01360218059,14308.135286563785
0.06843423423423424,13163.257714627196,13448.265742374568,14003.254618262692,14293.268856987625,14518.180456878299,14719.453669040582,14756.542682085543,14262.908929012397,14557.166771528897,14318.816182438148
0.07203603603603603,13153.353995028596,13436.228433110475,13998.234195432919,14261.9267086862,14579.31986830174,14702.708800842003,14765.929286476203,14273.607534069575,14580.727276366144,14317.23946713711
0.07563783783783784,13140.784856798167,13429.346780336295,13999.791478048126,14239.7565522377,14603.07246558335,14678.881712338467,14785.186914857528,14322.715619231662,14574.672739595308,14308.122649298428
0.07923963963963965,13127.5326214012,13426.797917866677,14006.109807626262,14228.930443236759,14593.543897113326,14650.599990207389,14810.124130466604,14401.127747319584,14537.087787477327,14293.595395476124
0.08284144144144144,13123.620568366396,13418.210838120449,14018.26678402545,14240.75978696101,14572.732361165561,14627.417479032192,14828.412647468394,14478.622524243368,14441.92117181555,14281.648547593786
0.08644324324324325,13130.532735455568,13403.650129898519,14033.246268116816,14272.88710347691,14541.530007217609,14614.013091847119,14838.925901425906,14546.717352262522,14306.78011394001,14277.831376157188
0.09004504504504506,13151.042165990624,13393.725258416081,14040.488728591183,14312.372167937167,14514.635549702476,14615.565053154258,14839.688152166704,14589.146317800436,14151.510409559949,14266.955127093182
0.09364684684684685,13171.895865889204,13397.301112223151,14036.231730466568,14340.24063791692,14493.707519550928,14629.123523728553,14829.808228451726,14614.48723998428,14032.216644744558,14259.847692090498
0.09724864864864866,13188.144627543445,13413.920736925762,14016.793412707115,14350.117585696304,14486.216716086705,14652.80393017206,14810.412336789155,14621.25399745851,13974.638842016608,14258.68880930992
0.10085045045045046,13195.100845297042,13425.80946855453,13992.980377172249,14346.172579491631,14489.330706775036,14682.178616636877,14787.642267521549,14615.74834779049,13998.942053236042,14272.6114425857
0.10445225225225226,13194.207508660702,13429.845867330858,13964.65961873936,14330.950420245907,14501.902161673474,14716.022898083756,14765.74681857945,14599.932704467803,14094.458539757128,14293.336183548867
0.10805405405405406,13187.449859213522,13421.956915290491,13937.165266963302,14308.719516878464,14521.627546225354,14750.975503388918,14747.61975481149,14579.495067840979,14241.154364898663,14322.163328475055
0.11165585585585586,13183.845367996228,13414.437649029229,13896.41317419751,14292.7007806975,14547.557280849505,14784.401219808553,14733.621077284915,14559.415343437997,14374.594376309236,14307.754875572726
0.11525765765765766,13183.915420960928,13409.1813638763,13847.562909415465,14282.547658998985,14574.970377887386,14811.905513513071,14725.481717265713,14545.067232709318,14479.771453073554,14249.786559407317
0.11885945945945947,13187.851538641587,13403.258287188335,13788.889283502753,14278.196678492923,14596.64205936677,14833.048863843842,14729.598677598606,14549.327499453484,14534.406850968013,14159.137538247434
0.12246126126126126,13195.763338929626,13396.963732575408,13727.811791386453,14282.678883557133,14611.043078789293,14845.150820830664,14746.375858482952,14570.508165769872,14536.431895855347,14048.610843083612
0.12606306306306306,13199.617483425585,13384.527163643932,13692.998575178264,14273.976247015926,14617.658136537653,14841.371937699534,14768.416761175453,14601.670400462119,14516.519088451216,13998.62459589189
0.12966486486486486,13205.104410277476,13368.738555394322,13699.872082362603,14262.612299533914,14614.808631067232,14824.030974301655,14792.505792374313,14625.841752884426,14484.612116726725,14004.698662410186
0.13326666666666667,13212.651990761353,13356.04604115036,13744.079068200666,14252.095268295652,14605.070541873229,14795.031546041626,14814.910833550508,14636.869374798584,14450.65304504824,14050.144794517037
0.13686846846846848,13220.625453171007,13351.978525408533,13819.416845492107,14239.568929339044,14592.09149682243,14758.446440609745,14832.240211058906,14629.070295028188,14425.16816782147,14120.43293689269
0.1404702702702703,13232.662030379883,13365.955383918441,13887.466784180955,14240.405690550406,14588.279384069316,14721.342090610951,14842.175488838302,14609.44003518704,14408.970265683174,14164.850469022926
0.14407207207207207,13246.316237890278,13391.916085342396,13941.264845421552,14250.507000143607,14593.660496235105,14689.541929720575,14845.989554787708,14583.41006848284,14406.328695080196,14183.663287534904
0.14767387387387387,13250.6274629638,13412.189093249795,13967.580474612394,14241.347523530687,14604.980167354312,14675.600147139343,14843.556213329373,14557.057795337156,14414.857008123552,14194.329736134217
0.15127567567567568,13246.000601688507,13426.857664497275,13966.137012858419,14214.918848451583,14620.611611869323,14679.070687151067,14833.76431872785,14534.317914245647,14433.345753847083,14196.815020521863
0.1548774774774775,13227.666933010594,13436.157523458558,13960.337344048448,14143.442854458966,14636.712071374011,14694.685893881298,14816.673151073803,14522.43749193572,14450.755255259723,14210.684040467815
0.1584792792792793,13196.627565420411,13442.044582695527,13949.922534359359,14042.337417849836,14649.626092473092,14720.43070899785,14793.763048852457,14522.89820286998,14464.054437725305,14228.149064107685
0.1620810810810811,13170.532778870815,13444.661057681595,13954.27955712403,13956.319850713573,14646.896507614569,14742.8304904684,14779.599869810163,14539.766488731068,14467.441108988829,14235.129412703302
0.16568288288288288,13153.331462823146,13451.46391828452,13958.903204094075,13925.04627718981,14633.320178882479,14758.208430831992,14768.598737434366,14576.532011851315,14464.452799113822,14238.892234935005
0.1692846846846847,13142.838309011573,13465.51982987021,13963.56547861142,13949.634334441185,14609.188878146224,14764.799957297242,14754.857045574521,14622.800571876442,14456.991663375098,14246.314199833281
0.1728864864864865,13139.057695943306,13485.995481354195,13966.657466347784,14029.091578802907,14574.726951917126,14762.454529941902,14738.722503196228,14668.98008852148,14449.028741379463,14261.335606895898
0.1764882882882883,13125.310798913657,13511.211831521148,13969.583503964972,14121.80217042875,14534.227726526926,14763.803231260199,14708.349375062062,14686.665413837638,14437.903134969676,14287.556791039155
0.1800900900900901,13103.677315253195,13540.726500006767,13971.418959673287,14215.433074492883,14491.502603399169,14768.90220206154,14669.575326959466,14675.56631770058,14425.252119995244,14317.114791700957
0.1836918918918919,13081.462619316071,13562.385676092737,13974.922080638484,14267.93991911591,14449.82492911366,14774.047402196904,14640.58945109211,14631.321904124892,14412.393298426041,14326.972850726397
0.1872936936936937,13061.067758023599,13573.122368219792,13980.858887306787,14278.419556034823,14412.20061809578,14779.623111546038,14624.14060819299,14558.585668641,14399.860219202943,14318.618223341167
0.1908954954954955,13063.852136190366,13565.493563796692,13985.245917439219,14272.632401458042,14371.358503474363,14782.578990786467,14645.3187970256,14488.445389991519,14399.354551900522,14299.07542040934
0.1944972972972973,13084.347151648913,13542.803017001823,13987.2312731291,14249.316897530243,14333.684181991788,14783.705277428691,14697.916012540274,14427.55475627896,14410.961816140218,14270.7129541814
0.19809909909909912,13114.184541977233,13521.047032094993,13980.449309419855,14235.665738711245,14306.873710559867,14778.885922413192,14756.366126330853,14397.818596580353,14427.823033686227,14252.310522908103
0.20170090090090093,13133.99761537415,13506.496436858386,13978.416295000652,14229.11848615613,14300.014004901404,14779.347780422835,14803.078992813398,14385.81933732143,14434.961240076775,14239.39546935606
0.2053027027027027,13141.145573004382,13497.702391402481,13984.096184844986,14232.277618617576,14313.493634306204,14783.567128150224,14835.26411914785,14386.874188313845,14431.07060348544,14231.507771335551
0.2089045045045045,13133.865794266156,13493.89823820149,13999.29971694083,14243.218563409162,14346.73363434091,14790.108761003816,14848.349794118074,14396.072151599432,14409.438974914056,14227.380596660516
0.21250630630630632,13116.743973821714,13485.914638755145,14012.904155619886,14254.28039440265,14392.876103906103,14783.58726542229,14855.88737528373,14408.731691491974,14393.852385030103,14214.017830686813
0.21610810810810813,13092.883202863264,13476.070129647436,14021.93607884259,14265.522094753207,14446.101580044211,14767.253656638919,14860.67411509954,14424.977304655169,14382.220464765718,14195.079670630685
0.21970990990990993,13087.167657394446,13459.030228976262,14012.617643139985,14279.18003628377,14486.413911800206,14734.51847471412,14874.230162903435,14455.106360162943,14371.11093911702,14184.174957148145
0.2233117117117117,13097.836420869484,13436.237616821541,13987.644098966044,14293.056196001273,14512.09373235717,14688.129846052392,14893.665964034484,14493.40756589561,14359.958703121953,14181.840136357221
0.22691351351351352,13119.347277263938,13424.628979119334,13956.382832155867,14298.123430922344,14530.746793312972,14648.632746043253,14906.722964749652,14539.853126792905,14307.60773324187,14187.546504645756
0.23051531531531533,13151.56510399567,13421.92035924467,13924.388280244739,14292.99762430398,14540.85440339796,14620.362389240696,14913.344230650735,14588.055182131511,14225.02871866119,14199.336330527596
0.23411711711711714,13168.820268248754,13429.083560242896,13911.551742023472,14276.358811027085,14555.645279271695,14622.679031128977,14916.757911719911,14615.949781780133,14130.10143793653,14214.112079165838
0.23771891891891894,13168.965859343192,13447.544378777104,13914.119667866795,14252.185716343663,14573.861914700592,14653.294503122335,14913.68193910967,14624.374903673443,14038.170571829693,14223.25698540477
0.24132072072072072,13155.259261200019,13463.236171491166,13928.913119720668,14230.815168992596,14592.17313988365,14684.15098350322,14898.282872424072,14618.454525403624,14003.318619025227,14229.287537024298
0.24492252252252253,13131.812061653787,13474.027933214424,13951.172896869924,14216.315324702182,14608.020252789329,14710.919860949894,14871.147172437379,14600.545532070479,14024.959119339916,14228.652891513724
0.24852432432432434,13123.029651948405,13481.53105815499,13964.587340738928,14214.064971906702,14604.370090020759,14732.524181375205,14822.787501220862,14584.440206983973,14088.27793330896,14208.110352617274
0.2521261261261261,13127.331801226648,13484.796412814932,13967.605486989234,14222.25067700762,14584.843261444335,14746.78408548249,14760.525750569781,14573.239874865667,14184.52339172035,14170.43315567231
0.2557279279279279,13135.98185620713,13501.809933911318,13944.886323110486,14236.09736281299,14557.724730090764,14763.664097835332,14697.188579364973,14568.244712536078,14269.247383386462,14089.081161946786
0.25932972972972973,13146.335980600415,13528.89250013666,13898.468013084323,14254.224910746329,14525.355621496274,14780.863269789528,14641.027969926143,14569.136758578761,14335.745293115197,13977.231601294974
0.26293153153153154,13143.318811450017,13549.169007759841,13846.679881804299,14269.887596429417,14503.504310846698,14795.501334275654,14622.162337230147,14570.290492347425,14380.17107946049,13882.434388021013
0.26653333333333334,13130.37022411196,13559.898736748708,13793.731621138975,14281.353729783017,14493.006459945787,14802.762924501181,14640.063723466033,14572.991346963285,14402.060821179395,13815.595383099537
0.27013513513513515,13109.912852519969,13549.359984623385,13759.685415268443,14276.871425775618,14492.997378566826,14790.18374312068,14684.99165140689,14575.751097261824,14403.514243821275,13812.404599479847
0.27373693693693696,13085.350208926408,13521.810351499713,13747.379486965123,14252.7625283153,14500.928953451594,14765.905999182107,14748.607454960162,14577.97907955478,14385.394796221497,13868.387208583052
0.27733873873873877,13070.01071409212,13492.935394178867,13745.202870843668,14226.246066779953,14502.108077198282,14745.670414347649,14805.981520297719,14579.819244728007,14359.480505075388,13948.63349770698
0.2809405405405406,13062.367865724133,13466.667717257364,13751.16126304945,14196.49401653556,14495.728017968382,14731.384088375662,14850.255493777659,14578.883613512096,14332.917027571206,14039.327774381194
0.2845423423423424,13068.17799299436,13456.962750174021,13752.294325928046,14164.794554452,14484.079059962,14722.425801351068,14871.768821338044,14579.548467222405,14328.998762963365,14100.482586836166
0.28814414414414413,13087.345020038027,13460.894025331498,13748.699057531936,14135.684318622234,14467.342134720093,14719.083766483085,14869.95544171334,14584.014523610818,14350.542790341988,14130.34382529636
0.29174594594594594,13108.506087870222,13463.088770193159,13755.887243976691,14080.102928614708,14448.088919169168,14727.077413359888,14854.742708604597,14582.853463303423,14383.887567143902,14150.367768523789
0.29534774774774775,13130.246662684045,13465.7708088581,13771.36424119588,14005.130990541596,14428.374469685608,14743.44512300313,14823.856793347737,14577.203808273103,14424.919771572517,14157.24101265886
0.29894954954954955,13135.11673215908,13458.368443698177,13793.652783408399,13925.106096729249,14411.01433437198,14764.589813004455,14796.150362025472,14572.015961764475,14442.593887409614,14164.513702553611
0.30255135135135136,13122.316149620217,13442.496691644601,13819.553793054534,13851.727263192608,14397.844987714981,14788.543057885881,14773.05737285069,14565.147798465587,14439.113356149548,14173.175466415993
0.30615315315315317,13107.805425919716,13423.842657379446,13836.646335012816,13828.30447415357,14389.251139534523,14800.807075878374,14752.425340092792,14567.287240684691,14430.684009132188,14185.167613791484
0.309754954954955,13093.675223538423,13403.477248556768,13844.961683574653,13854.3811677099,14385.51479935474,14798.648403942783,14738.463871208445,14579.796309582945,14420.179935102846,14203.067449490687
0.3133567567567568,13091.221084463252,13398.67413796323,13851.150140347374,13910.462273594461,14398.314173428824,14778.245626791146,14703.962873794608,14590.577991542315,14427.432638169359,14222.188790825776
0.3169585585585586,13101.187197349633,13409.664986722712,13855.608834766694,13989.2700260412,14422.389047811215,14741.837896794892,14652.870333441435,14600.1092174636,14449.902160592263,14241.97317608471
0.3205603603603604,13104.133821051148,13429.511437783347,13865.792850286954,14053.367459325762,14440.263651065598,14718.853973676338,14603.790144596855,14587.530738101485,14474.003968235225,14259.040931786154
0.3241621621621622,13100.287051433887,13456.245857929387,13879.114863635063,14101.47102180561,14451.619484288478,14709.174611156963,14560.9978464851,14557.371435234643,14498.677649354386,14271.482082229782
0.32776396396396396,13090.120514458196,13474.74530982818,13886.475517546512,14139.883360045113,14439.423076394758,14705.035323152248,14560.38790809295,14543.64830705004,14509.42081274862,14270.381829615346
0.33136576576576576,13076.165871373727,13483.57606681951,13887.70527589868,14165.692207619466,14405.242773303873,14705.864968690435,14600.954490411608,14543.011780413543,14507.271793552964,14258.603290361696
0.33496756756756757,13077.838912415029,13484.748207373179,13882.387460849628,14193.800144616984,14361.802756983692,14697.751176913665,14653.078109794955,14574.362526836685,14502.64254052703,14245.435936099902
0.3385693693693694,13093.305079547437,13480.76576697327,13872.901308743722,14218.885846525742,14316.002965757865,14681.979476298371,14706.943532508412,14627.708480953612,14496.03448174117,14233.174616238579
0.3421711711711712,13107.531207925722,13481.995534903901,13865.378455461429,14230.740830247085,14297.644983811982,14664.81093403375,14736.053299141686,14650.415903337944,14484.993025586653,14227.944397052313
0.345772972972973,13118.060318831247,13485.01029300652,13860.197428354244,14234.298045479916,14306.359393226176,14648.414956346975,14740.980365414916,14641.581021319897,14470.371511871119,14229.571920797687
0.3493747747747748,13116.08594774221,13490.559041627735,13855.289561861353,14227.66336830876,14328.591077973992,14646.287012051884,14745.776203908166,14578.489163569753,14459.574757482467,14245.363370295458
0.3529765765765766,13103.88756086596,13496.302243139648,13852.621780293848,14213.702764152249,14363.84843071419,14654.719349789311,14749.516710580954,14468.801744525208,14451.16267168103,14270.042450864608
0.3565783783783784,13099.682470540421,13495.156452979474,13852.436240690065,14201.600507934396,14388.950072549002,14658.012803097043,14754.07221481604,14380.46100223719,14448.816949380292,14288.240047629588
0.3601801801801802,13103.180880892498,13488.211335869331,13855.406768817342,14192.879429345727,14405.014108464276,14658.345162045585,14755.982959263627,14319.130638677445,14450.317829702437,14300.350151020544
0.363781981981982,13117.21987921508,13461.922876115117,13868.821546907982,14192.488444960247,14418.869253233926,14649.74384074115,14740.657891561497,14304.432305110762,14443.744613856235,14284.939032777154
0.3673837837837838,13137.804523848521,13419.807160204693,13890.15030381673,14200.167998140994,14430.139512199848,14632.569430171448,14713.243547898604,14335.078096070265,14427.906362924052,14245.907374908944
0.3709855855855856,13149.224366727789,13368.947099170779,13914.257664386314,14211.481654667294,14457.725769216635,14619.68004623472,14689.526880548226,14368.816720417928,14385.757616685967,14192.302929225612
0.3745873873873874,13152.24973296877,13317.015294821944,13938.67175409597,14223.534140127116,14496.258682691692,14612.230583016935,14673.898201701779,14401.174630414684,14326.26293452979,14130.098772705964
0.3781891891891892,13148.752924997945,13288.200301230952,13950.871243672447,14229.000421138175,14535.313733118224,14614.163694227856,14669.555511797817,14424.741242235372,14271.303863690668,14107.043547710035
0.381790990990991,13138.76721558642,13284.444184869635,13949.20078318529,14228.033807247062,14572.023452147116,14626.19150212333,14671.443407536208,14440.946313286886,14226.927907427049,14119.409384412564
0.3853927927927928,13129.052011170174,13311.52989639197,13940.900424782245,14219.555483990547,14591.674781352278,14635.361339990674,14669.014387337651,14463.577963204467,14217.465610952762,14155.237851498398
0.3889945945945946,13118.982914542417,13363.476940675597,13925.625669665296,14204.733557936248,14594.377289072781,14640.863314477438,14662.176215655318,14487.851596080298,14240.450965206772,14211.420131451885
0.39259639639639643,13104.778829099956,13410.626966714357,13910.12472842495,14190.492768263015,14579.877761316016,14652.548758520856,14656.94586412774,14503.463493594301,14288.205181501164,14221.749468837665
0.39619819819819824,13090.047192634893,13449.619571892656,13895.644489605449,14178.021418273867,14552.442118358804,14669.388327500865,14655.165185451226,14509.307516153143,14353.486932569615,14192.797579087148
0.39980000000000004,13071.21138094491,13466.173876970282,13872.570495936363,14174.310250775421,14525.920562222103,14695.442470402706,14648.85958055715,14511.406448286794,14399.81706990517,14130.593412261365
0.40340180180180185,13052.109482632086,13460.230676355848,13841.926188108493,14179.893757056583,14503.86205032261,14727.887876010876,14638.237825427816,14512.102975302225,14423.920524596537,14045.688671197227
0.4070036036036036,13040.475725368558,13440.644771157744,13806.59535898844,14191.113269452851,14495.46219333433,14754.408571247963,14623.767373886949,14522.360493057702,14421.37279726082,14009.018774979502
0.4106054054054054,13037.067917349197,13412.797746849183,13771.708051053629,14206.41514411808,14500.785763820364,14770.849806082117,14608.657945336565,14537.787301920966,14393.19002085546,14020.56917632263
0.4142072072072072,13052.11004422552,13395.385589364118,13746.984426972544,14216.549144843664,14517.52175968705,14771.595025950131,14613.686842273053,14540.869305265165,14362.699337912145,14078.629401109521
0.417809009009009,13082.310890026996,13391.843491160505,13731.42138314569,14218.080595514646,14543.62588339948,14758.52148572707,14637.600542704857,14532.401401557094,14332.804068949321,14178.432217931833
0.42141081081081083,13118.379425823623,13410.359241859724,13728.557572203006,14217.090364119835,14562.439165633496,14747.37779776716,14677.414127959937,14497.869125094076,14320.516194621114,14254.19147638163
0.42501261261261264,13155.74758633403,13448.224426654466,13735.037146095901,14209.46327758176,14571.527952052502,14737.209300608893,14727.028930634506,14444.734067170883,14327.690168821491,14306.086044043166
0.42861441441441445,13174.938797344106,13497.217052746406,13737.56583573987,14196.998982561938,14566.51986678164,14724.509813668828,14753.716669229134,14398.91471055882,14333.614947169575,14321.55393659534
0.43221621621621625,13173.073409005463,13551.103889913727,13738.186657113483,14177.757430870797,14547.251579310694,14710.052068659985,14757.958847059319,14361.731713718107,14339.549893718739,14301.277317251031
0.43581801801801806,13154.594874178745,13585.093603762392,13729.867892777957,14137.649386923427,14523.302415164084,14692.06483610541,14746.424879611406,14347.703053083287,14346.224771985071,14290.506644779876
0.43941981981981987,13122.976894402167,13596.129811464505,13712.395864160742,14080.109012231322,14497.599658543024,14673.478284020699,14719.818568950435,14355.576006479048,14352.075920395791,14286.918481985156
0.4430216216216216,13088.939891312782,13578.544778168587,13694.847216979626,14002.528189509982,14478.011752088514,14657.90670454043,14708.777081048385,14367.646428701977,14367.166272685672,14297.511004965927
0.4466234234234234,13057.359615434027,13535.110204650618,13679.368148626943,13915.777567556923,14466.178796940203,14646.152128933536,14710.719835620364,14382.754698127688,14389.008587996095,14322.117405702462
0.45022522522522523,13031.861629561576,13488.990048760914,13685.497958108295,13845.16357535316,14454.997380728097,14640.603891608454,14715.105501874601,14382.034358185865,14410.126804359174,14333.820917982433
0.45382702702702704,13014.474571912857,13445.320207814824,13712.451928287699,13796.027677511438,14445.379186051969,14642.001738687422,14725.843140816478,14365.166972258934,14429.765110941935,14333.967204075305
0.45742882882882885,13011.935571123822,13420.07943137853,13742.52249355713,13786.451560141972,14442.382684692835,14642.123370395508,14707.824211148049,14349.530975987293,14430.364952908758,14316.171804373125
0.46103063063063066,13024.493566156982,13416.54558149454,13772.773034524349,13814.855987368514,14441.994790350978,14642.198775615336,14665.61315585581,14336.323732165809,14416.517694462756,14283.80240958008
0.46463243243243246,13048.817216755659,13416.585258326673,13788.059371644677,13863.952552717274,14446.463622546184,14652.630411193955,14629.953612568279,14336.461927299159,14409.376120174507,14256.952680908204
0.46823423423423427,13081.121327455816,13419.369417048898,13786.436608496044,13928.0530874523,14452.160427499606,14669.77855795146,14602.686598525595,14346.850051448278,14408.471360272344,14237.213050889288
0.4718360360360361,13099.773872998501,13426.657687791063,13776.93360895294,13983.459694770647,14444.59285702139,14693.041360282903,14610.293654337562,14367.993997177391,14428.761758842116,14225.776292977505
0.4754378378378379,13102.046835632935,13434.977931999396,13761.968535536671,14023.929496252878,14423.50795146838,14720.208987013024,14650.999732025579,14394.306667870296,14466.053739349276,14221.138424538725
0.4790396396396397,13095.136452950575,13451.988581549835,13750.541990565895,14054.687499651696,14377.130913577495,14737.940652080782,14688.216629674036,14407.138481709253,14497.986121448066,14221.676973414973
0.48264144144144144,13081.60182703391,13473.600261367446,13740.870083960412,14072.772519589262,14312.521575821307,14744.114091039874,14716.487250661423,14408.830536605592,14522.098619814667,14227.736079870787
0.48624324324324325,13076.666937495596,13480.161080038537,13725.835157243619,14087.430231271099,14256.322345566936,14731.758671331923,14719.659766270219,14387.4221745342,14516.276963465814,14232.09414129157
0.48984504504504506,13081.292290688752,13470.44113777866,13708.551832737945,14097.530404011914,14213.496599584136,14699.876592191933,14699.493051093801,14344.32341426385,14481.630541019573,14234.373566707236
0.49344684684684686,13086.801607604777,13438.484909742338,13693.987863987142,14098.79826653299,14201.689922946658,14677.371868158205,14694.90164724721,14299.279813510937,14446.05060562574,14229.410030418678
0.49704864864864867,13094.353115176724,13389.732670738942,13685.495118833862,14094.008727487548,14219.929604786259,14663.099129005455,14701.699035189404,14256.997409401694,14407.586293694902,14216.633189574843
0.5006504504504504,13093.91124172134,13355.306263132234,13681.247933706105,14076.530486262223,14254.455658770179,14649.688613816184,14721.306982604528,14249.603374908771,14389.360334197334,14201.050522900528
0.5042522522522522,13088.669975078587,13338.140680616838,13680.690164591217,14051.435532982263,14300.221418352812,14640.536378427842,14747.682941039677,14277.403818422312,14388.490919506798,14184.94018530377
0.507854054054054,13093.930310115591,13340.739374620349,13685.534545333025,14029.959587626929,14336.556516732737,14612.966828117655,14752.001885997426,14317.596442798433,14382.468040831845,14183.984881442037
0.5114558558558558,13105.672039521158,13360.342919269879,13694.176777230416,14013.94304645733,14361.546874200454,14570.746869813149,14739.044006102584,14363.303236764023,14372.22458667832,14195.24315433822
0.5150576576576577,13127.9352692772,13373.169577007811,13714.529771088597,14010.483660723521,14379.254832457522,14532.420469209068,14707.061141997041,14393.258162477647,14324.935229516992,14204.992095121674
0.5186594594594595,13155.840487165568,13380.59312035184,13745.605776253706,14020.476374994561,14385.577758435827,14499.727394626989,14657.16317484584,14406.036096811964,14246.70270499609,14210.982433700266
0.5222612612612613,13167.225624110712,13383.43583632015,13772.456211315764,14035.11133012241,14391.388870395607,14509.817362650778,14620.033994036125,14409.983844978935,14175.747328408406,14201.275829400807
0.5258630630630631,13163.543088457274,13381.093424512512,13792.71535774247,14052.965205604507,14396.05078954269,14557.955709359152,14592.204625827118,14405.160290748923,14113.258423328014,14175.855664337443
0.5294648648648649,13130.441594401407,13389.777899416134,13796.178554259342,14067.464451161022,14401.456045138744,14604.233018572326,14580.717826379509,14405.042865667305,14098.872388011068,14139.76352352791
0.5330666666666667,13073.092397283219,13407.349694551647,13782.272602659255,14076.044347339608,14410.85430252648,14644.759516481241,14587.887077413781,14406.555385398822,14131.217389604117,14096.303591490476
0.5366684684684685,13013.328987443803,13425.584567787626,13773.845864560113,14085.34872949368,14411.774274852818,14658.806602794177,14585.579462604905,14403.187857833453,14178.355214676123,14053.272437862079
0.5402702702702703,12957.305408268225,13444.178293899035,13772.679782397017,14093.977036402963,14406.840731997052,14646.075282245252,14572.83655657073,14398.864291260898,14233.559203623867,14013.820018900795
0.5438720720720721,12933.030028875419,13456.471346942115,13780.777921864164,14098.476400460058,14403.442782934115,14643.55334032691,14543.154428706714,14397.27270061672,14253.803713612846,13977.240927371022
0.5474738738738739,12940.37830329296,13461.081298313607,13795.694838434503,14098.407096771583,14403.477842285884,14650.88388426559,14500.888707247841,14397.196635355911,14239.591327639659,13948.578472458144
0.5510756756756757,12968.694098039372,13465.512369115171,13793.631838068588,14088.033852626713,14419.673571072106,14671.969387568464,14473.779622564109,14392.714351203467,14221.26317555678,13936.764225814564
0.5546774774774775,13014.904941314917,13469.482334589076,13777.625443917685,14070.376667526603,14450.354764768337,14703.958132888472,14464.267153946445,14381.898886298886,14200.305738218838,13941.043450379548
0.5582792792792793,13043.065553986684,13468.02059390155,13756.107910085884,14052.26200680682,14488.602348650986,14707.65006389967,14482.002103948715,14364.891308546416,14198.962762596808,13962.397346073943
0.5618810810810811,13051.82575337587,13461.675345045001,13732.683506428975,14034.861565080024,14528.31217387716,14687.107895439593,14521.533584978899,14345.390775369702,14217.315266764912,13995.648647911084
0.565482882882883,13045.076090845583,13443.78101497469,13730.614749208109,14034.074327931057,14551.8727321492,14657.582572028523,14560.83086975256,14319.96321458651,14240.123796018626,14028.473999844691
0.5690846846846848,13023.013163718886,13415.07472208374,13747.356521911655,14046.367122555826,14557.968182355273,14623.583879221283,14597.527453281122,14293.020062285717,14266.109723587404,14057.367464691184
0.5726864864864866,13008.810713910321,13392.093569718581,13772.083383866175,14060.822619527333,14547.5081739421,14605.976459379144,14624.62444514209,14273.648356630552,14294.662305158352,14068.212711352804
0.5762882882882883,13004.470850599759,13377.298765469037,13801.356697475467,14076.466121882444,14521.725330607496,14604.161948392544,14640.122075167874,14264.04197319248,14326.925263471765,14061.721911325963
0.5798900900900901,13008.835662632608,13371.712654035447,13820.492815481413,14071.405174858524,14487.202485472608,14601.70198781952,14646.078215894584,14274.581674923924,14365.798062913222,14047.920259638839
0.5834918918918919,13021.801212303757,13373.18479983464,13827.868633601302,14046.175999106626,14445.376485030562,14600.750765067436,14640.419890767082,14305.034060531789,14405.688543269376,14030.4408774408
0.5870936936936937,13034.722641155528,13366.030153310889,13824.993385275266,14010.513340655501,14406.928772506139,14599.329851217906,14628.660641470862,14357.33326386141,14425.98873149238,14023.221021362957
0.5906954954954955,13046.819365376341,13350.31010441875,13810.03887530354,13965.945806283342,14376.840473590302,14597.389699002128,14614.291471746856,14425.46535484519,14425.540715311017,14028.30715004406
0.5942972972972973,13061.799251931967,13329.873281709364,13787.522168150726,13941.246077799584,14349.28932876876,14617.94145922915,14603.543555134012,14476.152783179154,14419.497251953382,14049.82845321405
0.5978990990990991,13077.751693990656,13308.02998594771,13760.422946924617,13936.891503898156,14322.96397964601,14654.208557807233,14599.85237173619,14507.733003273028,14408.548902976354,14083.884036067344
0.6015009009009009,13087.686342531752,13297.716905919899,13725.699444827695,13942.398122234625,14303.092485967445,14691.465325682586,14600.97962225312,14517.292023423579,14412.38956976307,14120.135320563395
0.6051027027027027,13090.829689407423,13298.009409269815,13688.918101046238,13955.964653293182,14285.808515424826,14725.981309816758,14606.450425063207,14503.894710473998,14427.744454191396,14155.04208306372
0.6087045045045045,13081.334058212256,13303.545243385297,13662.616959009438,13958.824073910017,14261.419436868959,14734.347418851556,14614.458053022156,14486.428787110459,14435.1436624818,14174.870846481514
0.6123063063063063,13061.157654793044,13312.959283062937,13648.62934405797,13951.974279508668,14234.861379061498,14717.781447891839,14624.139982875819,14465.644661752858,14433.239268345858,14178.696134770842
0.6159081081081081,13047.26525155544,13326.140539486543,13654.275714481528,13944.089818180017,14192.8240053817,14690.679972813183,14640.251785388884,14454.39664526839,14401.933267303591,14161.379533368467
0.61950990990991,13041.088328354681,13342.76074143696,13677.376308508105,13933.918006618958,14137.002758515619,14656.681965772674,14659.871137524166,14454.525122976032,14346.183703231483,14125.799531867753
0.6231117117117118,13047.03891910479,13359.416213393877,13707.030526346747,13936.117175254283,14088.062250940577,14634.80781374913,14673.204882399566,14438.906966035765,14292.98749425919,14094.315099285892
0.6267135135135136,13064.119955128372,13373.656054902565,13741.281242326473,13947.937022927606,14050.656082923468,14624.451916619611,14679.511903838596,14411.88706020166,14244.013400436565,14070.78871022899
0.6303153153153154,13074.257073666862,13379.365682965155,13756.02487340127,13957.770523358497,14058.992926680645,14625.35524066509,14669.659753835436,14375.144824298186,14217.573574144077,14070.77730507233
0.6339171171171172,13075.632128098343,13376.725058198796,13752.206554043289,13967.005287942675,14112.883368401448,14629.393650187161,14646.53604247325,14330.37658910763,14215.783359812622,14093.416405662085
0.637518918918919,13070.571041954565,13369.72038219008,13743.266990264407,13969.537139009739,14178.730177468411,14638.388151089657,14624.150755605862,14293.077898745209,14223.48059213652,14127.58723502043
0.6411207207207208,13060.011512440095,13361.277759594555,13728.94886260762,13964.77143185968,14245.828951140094,14650.898456241588,14604.416860387704,14265.708759746698,14236.914156094945,14168.239419375086
0.6447225225225226,13055.338576603172,13363.462777296949,13736.477305045391,13964.708011603338,14288.579007961825,14628.400354144695,14601.683149197976,14254.664970458267,14251.501437550356,14192.649097873036
0.6483243243243244,13054.428344900834,13373.795520120104,13764.48619245174,13967.484243315585,14307.239137963605,14573.810198486013,14613.987074837229,14259.694145321113,14261.415817987787,14199.790517315008
0.6519261261261262,13049.920040835847,13386.196823124863,13800.780281813571,13974.647082667527,14317.619258751574,14479.229808738291,14630.011202227435,14259.547635457722,14266.858915899096,14189.666574680432
0.6555279279279279,13040.707211052555,13399.870797912803,13843.770363332616,13985.73440672707,14319.376266563251,14350.093537295206,14650.258991280472,14254.146892809007,14269.842189311616,14162.334370497256
0.6591297297297297,13023.948088863071,13404.41888483266,13855.924531630448,13983.337082818143,14326.300976744727,14261.462897095877,14650.804727617182,14258.18429095757,14243.95948648772,14133.563974045032
0.6627315315315315,13003.380510942057,13399.46909680396,13839.455505046099,13968.55912891295,14336.16067818155,14220.317157873242,14631.95875961207,14267.290381544391,14195.553954253171,14102.266954247521
0.6663333333333333,12980.745287779444,13383.712256607942,13808.56531296362,13941.746162656453,14337.9518440238,14250.965934256796,14607.925197430515,14288.113009424593,14138.579851833878,14089.292428068084
0.6699351351351351,12958.710789296703,13358.754987960114,13766.328543436084,13906.391226656566,14336.713495162308,14345.58677307058,14578.087699538328,14316.707497268319,14079.5112067045,14093.95676664389
0.673536936936937,12939.625929469785,13331.507563179019,13740.827700115024,13877.801169998003,14343.746580820414,14430.206418409576,14561.968652677031,14339.417006985012,14068.054752111813,14095.817962809826
0.6771387387387388,12924.019428147923,13305.6933498881,13731.062251582862,13857.629783290853,14356.531126604992,14494.789794817752,14560.020264361998,14352.961268042245,14104.283814020346,14095.202767402778
0.6807405405405406,12923.396782171201,13287.24257746717,13731.962538777634,13851.691663492385,14369.011853413105,14526.095621766712,14557.178463068072,14338.081715015627,14173.871023991102,14067.299766855243
0.6843423423423424,12937.965330522553,13276.857960605226,13744.719459717948,13860.62715236559,14380.237072009582,14521.384096887956,14554.963401404468,14299.734103347582,14270.644780435923,14014.506576852069
0.6879441441441442,12966.946325856978,13280.15843926518,13740.184366037574,13868.748151352904,14371.011093589766,14522.979801350222,14532.16923374439,14259.477429497609,14323.012322665545,13958.289256466674
0.691545945945946,13006.744802696268,13296.849485697048,13721.113459314422,13877.058904565714,14344.269341159255,14524.424492263483,14494.562910931438,14218.662073537153,14331.292866627376,13904.2477809871
0.6951477477477478,13033.089246052505,13314.090432840794,13691.707631856189,13882.721187497638,14312.394467862405,14529.059122470879,14462.778260123705,14200.291069793642,14310.713825153998,13889.100474231724
0.6987495495495496,13043.656972903946,13329.899489809659,13651.784407601606,13884.160794868118,14277.37493662233,14538.814344981629,14438.621786054002,14204.250194247617,14264.109899711519,13912.799130880749
0.7023513513513514,13040.22920159168,13337.51844219812,13620.214572856674,13886.981541910698,14259.489868544739,14537.067258781392,14443.933487624268,14226.326429837423,14239.239835167487,13956.240021546319
0.7059531531531532,13024.841034272264,13333.87188912984,13598.99307356153,13889.802019956036,14261.056471803291,14532.326050400154,14473.76147212465,14264.563468824954,14236.531631719297,14014.34773685969
0.709554954954955,13021.429502260253,13327.600208786105,13590.744995454137,13898.703644511104,14268.230759157985,14539.008433356219,14512.396427576517,14286.130950419141,14247.803688448997,14060.960099874983
0.7131567567567568,13028.722989186803,13318.682375790624,13595.283377999858,13911.017499623833,14279.991375915031,14551.594429817118,14557.180682668293,14289.155319556765,14274.171194649549,14093.594681509108
0.7167585585585586,13043.116326910895,13313.935479431895,13597.046186997542,13919.194291272448,14286.648426013326,14569.517427589473,14578.955618719208,14270.653489111955,14286.2958197299,14113.930839393066
0.7203603603603604,13065.318466804029,13311.130734794036,13595.6351658654,13924.557279233286,14286.64292395431,14590.059925496575,14576.901392942937,14230.220979045234,14283.530375359665,14116.799319148247
0.7239621621621622,13072.766336878258,13297.106095142037,13591.082766874297,13914.013200378971,14290.541621369606,14602.207692726326,14557.060259381571,14202.880926365413,14280.613976001505,14119.201131444566
0.727563963963964,13066.91899098261,13274.933801314148,13582.785688018437,13890.601426714717,14296.81995212698,14606.955720238175,14520.238629693058,14188.676169465674,14274.506287632641,14119.44746292578
0.7311657657657658,13056.534190975943,13237.40604456577,13578.936139527357,13863.437928018238,14305.75516436712,14590.486665566392,14498.103721501102,14194.665070107138,14263.66979171943,14112.158417376142
0.7347675675675676,13042.683309068345,13190.181769250921,13579.107996563991,13834.562100606641,14315.100164034891,14554.14187343984,14494.621605120079,14220.46600808353,14248.638731713592,14101.41499384996
0.7383693693693694,13034.908181364182,13146.39760860434,13580.562960054844,13827.107884037272,14311.282465361988,14514.366738945631,14509.881539047536,14234.828629393904,14225.10089553042,14083.526833457623
0.7419711711711712,13034.283455977773,13108.103796101594,13581.934028731997,13841.96184918608,14293.091169610181,14476.142660625179,14541.93869296308,14238.837589259907,14195.10042339334,14060.31099083252
0.745572972972973,13038.684012159245,13096.221455685654,13581.476747389883,13869.66610833963,14276.954137268787,14459.791351071573,14566.608443408051,14228.806889164089,14166.196800217722,14036.23284324101
0.7491747747747748,13046.697658726744,13113.135143225798,13578.77531892121,13906.657203775812,14261.586734374594,14466.012770062029,14581.97925313274,14207.140994726225,14142.572378788831,14015.488129794454
0.7527765765765766,13055.57198305111,13146.19822951472,13576.340960468111,13929.414990645137,14244.245186166605,14487.31067085073,14586.42583868076,14198.192164646764,14136.421610561383,14004.644832615975
0.7563783783783784,13064.938577362691,13194.193171308669,13574.95541158245,13936.36550790837,14227.19415652334,14519.7945314721,14578.691253194105,14199.647311967912,14146.310043033312,14004.386136456375
0.7599801801801802,13073.824567984453,13236.488967191435,13563.730182427944,13932.745307111949,14184.38332108899,14536.971222541471,14571.679494166076,14219.66308338713,14154.433021773697,14013.852500898402
0.763581981981982,13080.842524858046,13268.606155889962,13544.01821320213,13918.493930453898,14123.776290274085,14538.415510597675,14563.31943493418,14255.247425906302,14160.23612691009,14031.094374716475
0.7671837837837838,13076.90390217937,13299.705754499131,13519.999364659438,13913.10331480552,14053.52162090667,14527.152145000644,14549.343520185177,14283.279696578986,14161.101800322574,14053.435381245981
0.7707855855855856,13063.592377771103,13328.658655919431,13495.079024190278,13914.321344628866,13981.808130188236,14501.856055375003,14530.868695732346,14302.705773713178,14157.243349992314,14078.370835666627
0.7743873873873874,13046.26903844796,13365.836502109685,13482.421296837016,13920.049748341386,13956.381812891332,14472.849694124747,14511.05697568211,14301.748567953919,14150.987208135748,14101.672957190418
0.7779891891891892,13029.038549881092,13407.131047249602,13484.295587544522,13930.87791493429,13976.457809989797,14438.692666963718,14493.019823451441,14278.560169842325,14141.919375111798,14118.567166613451
0.781590990990991,13024.186202327342,13433.804234657082,13498.18931059717,13928.966064078562,14030.777270031876,14411.30882737648,14476.6470926011,14251.077890126073,14137.10344065319,14124.885328633953
0.7851927927927929,13030.003503619166,13446.233373981324,13521.507383975066,13917.565581246028,14113.752684314586,14396.544103476968,14464.399810346442,14221.247404324946,14135.62582878301,14120.938261793674
0.7887945945945947,13050.228608802154,13442.72614036896,13544.205974666269,13894.278355876808,14178.335229842625,14373.21390453922,14449.704221968077,14197.319946200254,14138.458852863818,14102.94780257239
0.7923963963963965,13081.741370678712,13425.34839038985,13564.092004733075,13859.116681689151,14220.393518587125,14345.916201074735,14434.920034784056,14181.293632463945,14144.578065318829,14073.532859836365
0.7959981981981983,13105.26986393404,13411.309061572118,13582.848136057728,13838.671505252243,14226.517164750832,14313.909590792318,14428.93283482146,14164.838329972194,14151.237392678348,14043.763625336478
0.7996000000000001,13118.775762976515,13400.057719797118,13598.824815397822,13834.133021927406,14194.573508757334,14277.629787434475,14431.661100981553,14147.564489984195,14156.987838990925,14016.76347815435
0.8032018018018019,13112.620761197437,13388.86182031094,13603.045062200945,13849.676403026055,14164.171783618773,14262.205451365058,14456.867962877634,14131.912191324524,14142.567147697217,13996.963256373778
0.8068036036036037,13087.575165179136,13379.032160337414,13595.698566441199,13884.554583943514,14137.523826570055,14270.221540596174,14495.67358797338,14122.109876537223,14110.636296452283,13985.773104251248
0.8104054054054054,13051.218422958791,13355.898730053803,13574.92568480067,13906.975230696336,14118.391994219977,14307.470179812146,14537.764308630576,14116.973183634782,14069.479325769682,13986.272593651996
0.8140072072072072,13007.616620367355,13323.434794189046,13544.765529154723,13913.155265682137,14113.444216965474,14366.518728059387,14577.03659203748,14115.313512721632,14023.273015349105,13993.860655219778
0.817609009009009,12981.758459010567,13288.09388412683,13526.534075788859,13903.648946473146,14106.977337151331,14408.404060998544,14579.20702809503,14113.907573944967,13995.867267208187,13997.953157261625
0.8212108108108108,12971.398648068123,13251.704111395802,13519.777403486942,13878.475263268863,14101.404095763592,14430.842666918294,14549.390369522524,14110.798529881944,13988.589427715684,13997.80520007669
0.8248126126126126,12978.742519400543,13230.682781810248,13532.210403986235,13864.983063544203,14099.486319765714,14434.004519366035,14481.308986266036,14119.82030048842,14003.726268725835,13979.341356350906
0.8284144144144144,13004.233283954165,13225.729749386403,13562.388508467431,13864.18511413884,14100.135242675698,14417.821519827115,14382.05082578731,14140.102630054767,14038.377261270489,13944.325787916705
0.8320162162162162,13008.748952109674,13236.887337531663,13576.189850626131,13863.530359213762,14122.250660873931,14407.620330999185,14308.992573406491,14167.343091913595,14066.000645074768,13895.660922390593
0.835618018018018,12992.224005681423,13261.969717227126,13571.59591759305,13862.22020045505,14161.448021218881,14401.845292042939,14269.572072713081,14193.497520237044,14084.42172366913,13836.653439207106
0.8392198198198199,12947.796981446343,13288.563045196282,13548.343357817064,13853.535610697598,14194.145746191283,14404.763429130086,14292.365848435646,14203.389519831793,14084.74658858794,13799.28419431526
0.8428216216216217,12877.321113974871,13313.15874083285,13507.776471557861,13840.719424614932,14215.626854453976,14417.848224669437,14372.494562178475,14197.102080340039,14066.742502498138,13787.571401559264
0.8464234234234235,12828.798336853164,13328.123224694404,13474.760799367088,13841.378709808001,14212.26200367035,14418.034973139109,14455.84053004035,14166.85706678022,14048.024448711449,13799.798526894117
0.8500252252252253,12807.69138523187,13331.96820512954,13452.517873990375,13852.186261524861,14186.150205012595,14407.295725566766,14531.192235873099,14120.303734754405,14028.751717676134,13833.314242229197
0.8536270270270271,12822.020127149983,13327.224228943753,13445.562560299019,13867.912065600767,14154.04897663953,14388.4794289336,14554.68340005545,14070.47861047806,14022.937871266307,13860.988467765434
0.8572288288288289,12870.845138834582,13311.01129115365,13455.573922301266,13883.356938313043,14117.74454699686,14361.705555128594,14524.618237834491,14019.569212964248,14031.069633057436,13879.695712361154
0.8608306306306307,12907.066969167767,13296.616917250207,13460.596035995468,13876.200300423992,14095.02854007159,14339.067178639552,14475.823608777588,13992.554442602657,14039.977604762871,13885.625033581846
0.8644324324324325,12928.974481397183,13281.646013450634,13462.571583301891,13849.585680690489,14086.87700117017,14323.152593086834,14410.14127376486,13991.688252658189,14048.393979087214,13877.052970747574
0.8680342342342343,12936.98196615359,13268.005440247318,13472.842724139558,13807.646405018431,14078.626518224743,14319.78579473876,14362.324512490166,14027.992117892602,14043.317113130946,13876.780848318498
0.8716360360360361,12930.384102121225,13258.94583153254,13489.762451484981,13753.72781184556,14074.696406573436,14329.479328282623,14337.427963387914,14095.821890857163,14024.961296439114,13883.274366035213
0.8752378378378379,12932.512144163771,13229.226014023061,13513.328037356237,13701.522513826885,14068.914125896095,14341.910011203536,14335.934670285853,14157.59024171435,13992.974692642685,13887.054322944989
0.8788396396396397,12939.419545043073,13182.537970444506,13539.748927641596,13655.33701201409,14060.739245621908,14356.294010199777,14361.843332958339,14204.327782587878,13950.981939771551,13888.273906934655
0.8824414414414415,12941.014411179485,13122.906862078806,13561.693302923044,13625.28199425036,14060.276836570787,14376.476622950653,14392.172543804874,14212.804181169387,13912.935778530855,13881.177257337271
0.8860432432432432,12940.074401447984,13052.681369874215,13578.268215286256,13614.446776503479,14059.931524750782,14398.35870754352,14422.896784386521,14181.829164823374,13881.149623520234,13867.384717147128
0.889645045045045,12927.193176512725,13019.346235743773,13586.655611198246,13625.547012092067,14077.314018232151,14421.732244804041,14440.502961179633,14142.657215199823,13867.940525004236,13853.367228331475
0.8932468468468469,12906.259546045454,13022.991926747502,13586.396461884511,13656.332287733516,14108.6020493016,14443.80249653258,14439.688634401507,14096.009502632889,13874.946146117405,13842.025956208341
0.8968486486486487,12892.287443321562,13058.122449645223,13589.107541017158,13686.287208272006,14118.198705199926,14451.556075150109,14428.182058671178,14065.29389602233,13896.714568288322,13831.625765849163
0.9004504504504505,12885.06153397984,13120.109106229023,13594.110549198713,13711.362165561986,14106.238649635528,14445.16360850873,14405.65336694482,14053.47270968521,13929.875149867941,13820.634922069845
0.9040522522522523,12882.273785818072,13157.952095318728,13588.975062919086,13722.35614805531,14051.365959123963,14421.193128456078,14384.7987959041,14046.020041259444,13958.159666953667,13814.155083505017
0.9076540540540541,12884.833531577968,13168.749604721037,13575.747804880304,13716.117847913545,13958.697479143246,14382.092294196484,14366.838746131027,14045.72796068277,13976.937115016417,13813.116865830734
0.9112558558558559,12882.115882909558,13158.520549936347,13555.367896012627,13709.974802055396,13871.429750648364,14350.578010625997,14341.117935189302,14040.178712164843,13983.283976352734,13822.684439844073
0.9148576576576577,12874.247651792175,13128.597817405865,13530.905201765847,13703.60656727418,13799.784852177609,14326.107232908862,14310.591123671751,14028.205197580846,13977.281927124286,13841.548859564677
0.9184594594594595,12868.55001566876,13118.459369626018,13509.471845287278,13702.262885089343,13783.716693335546,14315.908116990671,14278.03664476002,14012.71642068124,13965.176867983651,13854.16889946898
0.9220612612612613,12863.18485935082,13127.039622983704,13492.046237018478,13709.077171822104,13824.786828590786,14316.569056978065,14245.663327154256,13992.193149686624,13946.57441510314,13854.594045383295
0.9256630630630631,12864.941639263676,13145.142846547327,13490.9271077108,13701.323501590965,13875.924199248835,14304.586071531463,14221.856929678675,13976.068597042313,13929.66276799831,13841.701085783294
0.9292648648648649,12872.61220426262,13171.85310713661,13503.881657333546,13679.969125066114,13934.21657136133,14282.549741707844,14207.51498947919,13963.061295758223,13913.904905216512,13815.747138817387
0.9328666666666667,12874.300378640137,13185.524697827159,13519.098366547165,13657.71849449383,13972.838559727854,14221.170604766581,14198.247137280583,13955.329642827099,13903.236807564052,13788.451581804155
0.9364684684684685,12870.303345348007,13186.358969602525,13534.667939399222,13636.460851626029,13986.401401093444,14126.239966672434,14193.369831374623,13953.475637978567,13897.311744587882,13762.300190517892
0.9400702702702703,12852.061179081204,13172.055750804098,13541.479337286795,13625.770253766625,13992.16999874255,14025.230253827194,14185.625962490672,13945.822037768488,13885.741047550984,13727.728829596263
0.9436720720720722,12821.744348385586,13143.43529763093,13538.417797888233,13627.347944249652,13985.191904511958,13926.422297980249,14173.551582131016,13932.499566864015,13869.030269956971,13687.724812351278
0.947273873873874,12795.115522094386,13107.058622013288,13520.072884630063,13623.834637074273,13977.176998662317,13872.720483013176,14166.854507684238,13912.704797799457,13826.966571595085,13639.095371521815
0.9508756756756758,12773.199529876623,13065.290641953005,13488.627465075231,13615.529057244923,13972.176684072807,13869.194682121644,14162.357240102296,13886.913776417585,13765.806380416123,13589.527533242188
0.9544774774774776,12763.568597643693,13028.360037347773,13456.646318464378,13596.405861265475,13947.49027867822,13907.154599280539,14153.875897044078,13862.418200540986,13697.972962634562,13563.68775476782
0.9580792792792794,12768.802096679194,13005.871711983673,13431.534973626924,13573.17683522596,13916.451650432995,13986.569166517684,14149.1694048525,13846.899483689618,13634.482143661642,13565.692431364301
0.9616810810810811,12762.851456613877,12988.902950710843,13405.823012158506,13556.891128447265,13869.076117059782,14038.501436396524,14104.713495092388,13824.885066682233,13592.162936306635,13580.456693756958
0.9652828828828829,12745.814208751377,12980.248002701233,13381.45817659685,13550.740817827083,13807.693584106479,14057.088036836301,14024.632663557044,13802.450732074309,13568.77838325712,13602.228943597349
0.9688846846846847,12702.739122801506,12964.136954472033,13359.14045661028,13534.344061070633,13754.355807001404,14038.88432115348,13926.029828901212,13767.63818028603,13572.767805127041,13611.096752581861
0.9724864864864865,12615.546340297406,12913.670582908724,13311.37778904166,13480.617323530292,13679.46152104145,13959.435062198225,13782.107401629295,13700.591865278793,13563.693708520888,13576.540333755238
0.9760882882882883,12529.133468885786,12873.077422985893,13270.67097305366,13425.494445592221,13634.65538496218,13891.387208149188,13693.730368062868,13663.21697330465,13552.175830267244,13532.993120759002
0.9796900900900901,12398.936933210418,12790.344634069204,13181.345872007989,13316.288678412822,13558.823925336592,13782.185927360795,13602.394751825534,13599.062079465553,13472.437325689034,13421.891293244344
0.9832918918918919,12234.595146285788,12656.310933327344,13016.566534404883,13160.112599293729,13391.756211106273,13634.636408625494,13461.667023125166,13513.895597112181,13253.713464777878,13225.525709715774
0.9868936936936937,11992.338685001057,12423.004711934518,12730.335464579437,12908.779372592004,13088.295655128979,13402.730871511865,13224.818599824453,13349.78881901798,12854.924012447396,12900.775057805007
0.9904954954954955,11520.01708788185,11903.132592724285,12137.705468144333,12370.347249470824,12429.349388782932,12885.308168883263,12605.623621118553,12888.711736098014,12084.054672528237,12265.164559193045
0.9940972972972973,10817.123482187526,11099.894506944394,11247.636615476593,11547.204062000928,11429.532485917556,12084.119398030405,11616.417430208883,12126.195004155496,10967.26128664392,11333.16661746634
0.9976990990990992,9766.316785520703,9920.39797519811,9995.678016107971,10318.2879421629,10055.195153515682,10890.319108810856,10213.539268550974,10918.755510993105,9514.42737002246,10041.985848849255
1.0013009009009008,8417.224474156816,8428.862049582516,8450.108730236376,8749.818616791097,8384.076292306863,9361.096568215195,8476.690828470986,9327.245141153187,7815.136820751536,8462.422185847714
1.0049027027027027,6944.427304837399,6857.538613774507,6847.366266205438,7093.142535363201,6706.510532321361,7709.2072100365995,6741.653041233361,7598.803272876276,6159.2888992117405,6832.451389702012
1.0085045045045045,5443.50079249359,5310.416499446114,5293.80136869186,5459.328049092658,5134.643171488243,6042.729565380395,5123.681176941236,5851.26215342796,4657.647076843939,5259.627703028376
1.0121063063063063,4179.398720717045,4042.1228025667956,4032.838930340944,4134.26116954741,3896.0711877276153,4645.130817251282,3865.8087866832675,4407.83962596379,3505.9356667130146,3990.682257214477
1.015708108108108,3222.2688216926804,3120.621825282381,3129.947124475836,3187.289565873343,3051.988702329854,3593.224854181944,3031.0537039966275,3351.1678945954077,2755.6012750290674,3089.1191657899785
1.0193099099099099,2569.022478696506,2502.1190230389093,2525.503375946935,2558.950452897538,2497.7470408080926,2863.473986281035,2488.2394867460866,2646.411858489111,2282.242240510239,2489.5453883428436
1.0229117117117117,2236.7848040253516,2199.464887980297,2228.122747056354,2261.7317979278214,2235.2476892614645,2475.344765114186,2241.423218361615,2313.2352976447874,2077.8179354285808,2198.0724643190397
1.0265135135135135,2029.805272033898,2015.5282787127624,2047.3336632801486,2078.792048480322,2071.0165782476306,2228.304441233826,2089.66708090836,2110.774100608455,1962.814855716062,2017.8865980378278
1.0301153153153153,1916.9839336970106,1911.1358393065052,1941.5922274017996,1969.6944078437307,1958.3602933776426,2085.798344058487,1982.221346745545,1999.2851919577329,1884.786492479333,1907.131726485236
1.0337171171171171,1845.5158672473326,1846.7308924190881,1880.5034725055236,1903.8300892257373,1891.0413443904688,1998.2378276721329,1917.2895321847395,1933.6687632568683,1838.7736381639963,1836.3090818258436
1.037318918918919,1764.6317022211126,1769.004700820421,1810.6548239822962,1824.5132996145926,1815.6885111985612,1909.5276634409327,1839.2076306653732,1852.7438778410972,1773.429065909323,1752.4149179982237
1.0409207207207207,1717.1585832699711,1720.7516912404071,1773.2214908859014,1776.7099726027166,1775.8034056458293,1858.0888349906306,1796.8692258915814,1808.756847944807,1734.251763908745,1703.8632109076675
1.0445225225225225,1671.950019467213,1674.2020850984197,1739.8298358299446,1731.5754335724864,1746.7048854236314,1810.012462939114,1766.5733692642948,1766.9502420626395,1701.4280409225871,1663.606813123446
1.0481243243243243,1642.1412146227913,1641.8571551399418,1713.5470562541245,1696.943130024707,1726.554552988823,1772.5198938796304,1744.6451835727032,1735.4927871130342,1673.4239570485292,1636.6961963518593
1.0517261261261261,1626.9488886575662,1624.9469835088685,1695.8206118128755,1675.1363794482822,1718.9208035176812,1744.0070412937673,1735.6597894503248,1715.8651414600824,1656.1236991408782,1625.9767153131754
1.055327927927928,1610.2006182681143,1606.1709996457773,1671.4023462465843,1655.2846681882595,1705.294574078692,1715.223495488154,1718.416636979372,1691.3142054825369,1635.7237254372783,1611.4299414419736
1.0589297297297298,1597.5996694163937,1592.5274866250413,1647.1530607516345,1643.7425921709405,1691.6152194761605,1692.2594576903616,1699.3689082177104,1669.8216404046066,1618.9741864697012,1598.887914460891
1.0625315315315316,1584.6038146624849,1581.2200787560182,1624.265985880332,1636.1430150156712,1678.8363231799808,1673.4064867132406,1681.2360642384726,1652.748818693285,1604.6537684142281,1586.5651084861045
1.0661333333333334,1572.3912893935142,1573.6321108722354,1604.9027023027982,1633.2586177395954,1667.8724059580904,1659.6490280198198,1665.16738278591,1641.5639536236965,1594.200624567294,1575.4869442613713
1.0697351351351352,1559.1263683436073,1568.592376611166,1590.0281284235934,1627.0582746578964,1658.865251743167,1646.663228491621,1654.0037847873907,1632.198481831872,1585.9647399664966,1568.618309796273
1.073336936936937,1545.9554529014542,1565.6818728471214,1580.9306191759956,1617.8358159540787,1652.89136028591,1635.7985047318293,1648.5737373689724,1625.359104993948,1579.930223199187,1566.4391760474598
1.0769387387387388,1533.4143545527243,1564.5258905623357,1574.5082549885713,1606.45041372262,1649.365411322864,1621.949445013544,1643.9755621064764,1617.519620473832,1573.397173113793,1565.4728803564794
1.0805405405405406,1521.7397601321215,1564.4671177804764,1570.1878188282665,1592.9243412236815,1647.86206985067,1605.594428163669,1640.5332156610905,1608.7578427265416,1566.0274415177873,1564.5987089864816
1.0841423423423424,1510.7959531795627,1560.9577194775231,1564.6528046207766,1581.262316662783,1643.723558262661,1588.68465022686,1631.752787007662,1596.6314803016908,1559.2069260259896,1558.3086052582942
1.0877441441441442,1501.3022741426673,1553.7782501311428,1557.8112345374952,1572.270732822515,1636.6668408225692,1571.621910512685,1616.8318807047644,1581.0421315644494,1552.8592807861057,1546.5903541007322
1.091345945945946,1493.986875749283,1543.4092041877225,1549.1058372203192,1564.7540523851264,1627.2183632816364,1559.0721621468288,1604.1628874825847,1567.66818894398,1545.9632922197734,1532.8744499998363
1.0949477477477478,1489.0127546905003,1530.070565554434,1538.568619003349,1558.9640325833873,1615.309764274213,1551.3502822573776,1592.5235784253025,1556.7378507245223,1538.4442181048005,1517.581472697835
1.0985495495495496,1485.8064434906044,1516.6319369734395,1529.945351190948,1553.856392383704,1603.720087847158,1551.567935120835,1586.049346589013,1550.045889172085,1530.1194993721847,1503.3093717746244
1.1021513513513514,1483.497820778243,1504.576096649465,1523.5172204303715,1549.3692086626377,1593.1791491087174,1559.4069688456814,1585.1787174297604,1547.702518171765,1521.4862755621227,1490.418371692333
1.1057531531531533,1481.354553957493,1495.2351544208009,1519.9794776174506,1546.094382153342,1582.7763123655552,1565.0820756882117,1578.689954545642,1546.137478110779,1512.9742087801876,1477.7451715495606
1.109354954954955,1478.003070754493,1488.869408541293,1519.3784243402422,1543.8001956241171,1572.5971905235974,1567.3390062393166,1566.9618439702026,1544.6612542079447,1505.027337350347,1466.386859635357
1.1129567567567569,1474.625513812421,1484.2796292079793,1520.9416646462437,1541.330283595194,1563.2696738541679,1565.8389864372618,1545.597331389145,1539.2794903539557,1499.8403821834281,1456.439032982059
1.1165585585585587,1470.9548322984294,1481.1685225956205,1523.9294866965906,1537.6241358603752,1554.6639395960096,1560.307763548645,1516.0774421034373,1529.5427162906763,1497.2746456555274,1448.011732805518
1.1201603603603605,1462.1319990394195,1480.108264278591,1524.335769856345,1532.3284445765892,1547.7471174402615,1554.9771448929266,1494.9185276752899,1519.8117003093298,1495.319072461593,1441.7589670120885
1.1237621621621623,1449.053402649804,1480.7123048416577,1521.6054697933441,1525.8631653993937,1542.7422625816348,1549.7004099812314,1483.0910321256226,1509.9316587708129,1493.7043489840116,1436.8649950135357
1.127363963963964,1430.106548177734,1479.9273534577571,1516.107205318054,1518.5542890156414,1535.2028937405737,1547.381666845313,1484.6228330906968,1500.3392407908368,1492.3446028327198,1432.5045632784827
1.130965765765766,1406.776684579472,1477.0913677982776,1507.7895191373168,1511.0318233399578,1525.3614286442262,1548.0084729786493,1499.0659649627585,1491.5363435984755,1490.519205931925,1428.5639669220684
1.1345675675675677,1388.72298327144,1470.123548728888,1498.7369292068502,1502.867214786007,1511.8623746819665,1545.811578301068,1510.921959881803,1481.5319986487768,1487.4803856096748,1424.0956636858134
1.1381693693693695,1377.7973691788688,1459.4887398222618,1489.4291431012743,1494.0932349337716,1495.480746100328,1540.9769263840885,1518.59607039295,1471.2381558439554,1482.7690438149273,1419.1966863124458
1.1417711711711713,1378.3216992672078,1448.3939960913676,1482.2554937352845,1486.5119962241577,1483.3556757261463,1536.1597774572313,1518.565490153641,1460.208240166678,1476.8173954204276,1412.6381047583434
1.1453729729729731,1389.3074121865982,1437.4984503870137,1478.0457561628018,1480.724282498918,1476.1901055568183,1532.0282309106528,1510.0772146010333,1449.2850216912923,1470.0475433838872,1404.585779634543
1.148974774774775,1401.5911133315278,1430.9767470478555,1473.7978792900399,1478.876744613317,1475.6341546488447,1526.5224843261635,1504.1457280592845,1442.974382061472,1460.6195294955512,1398.1092343633898
1.1525765765765765,1413.4157556422188,1428.6261281367738,1469.8517917668387,1480.419115420344,1481.2205314033854,1519.715967236033,1499.9775199573805,1441.326505769555,1448.84129402939,1393.4915854642422
1.1561783783783783,1418.5423817864898,1427.247363375688,1465.9207398196172,1481.0255127631349,1485.4025195250213,1514.1632101946848,1498.3351132189707,1444.337976673701,1437.8096131825387,1393.5943344676275
1.1597801801801801,1416.5180899713225,1427.0759159742327,1461.8066546426408,1480.030064236895,1488.0278576721678,1509.9396473776249,1499.552440039654,1451.038194418001,1427.7538072115506,1397.9533339659135
1.163381981981982,1409.2506070095287,1423.299691354047,1459.5563978123726,1474.7358264665668,1485.8697849696389,1509.1684004809301,1497.7337197025236,1459.599097953775,1420.707208588027,1402.877261478505
1.1669837837837838,1396.8588335121046,1415.5297275889382,1458.8699597778548,1465.3426343556212,1478.5112069704796,1511.836050462715,1493.6687398246565,1469.0374660329846,1417.0089560495246,1407.6765662715961
1.1705855855855856,1383.8080737308967,1404.5140464707033,1460.860883139956,1455.0993385456431,1470.99456987845,1518.057791978469,1486.7799831795955,1474.029537847131,1414.6949072657594,1407.6906192649224
1.1741873873873874,1371.3429759466674,1390.451748553832,1465.1328568740091,1444.1496024797189,1463.4444163446428,1526.6167382647538,1477.6043157761019,1473.959046488763,1413.4305062653525,1402.3162719301126
1.1777891891891892,1364.9545324086284,1379.1497714436523,1466.3712398258178,1435.28548991717,1458.7790663786725,1529.1170594330295,1469.0154998274338,1469.0648486709824,1408.7927478610845,1396.0061449840105
1.181390990990991,1366.0017100323557,1371.7764673118477,1463.736766056574,1429.5267223139126,1457.6940572788678,1524.8276959307227,1461.4031910541478,1459.4327653739,1400.8134156371534,1388.9161689821337
1.1849927927927928,1371.4918324444943,1368.825029329977,1458.9299528732886,1424.7717946068403,1458.535227127737,1516.8173295762676,1458.3266084393495,1450.735693083795,1393.4016431932039,1383.308802786948
1.1885945945945946,1380.681349717395,1370.746700224597,1452.1180362234531,1421.7339597246046,1461.2071542133162,1505.0831818545882,1459.776515335662,1443.9366172130146,1386.7856497807757,1379.9897197668995
1.1921963963963964,1384.6283628670596,1372.5724329658808,1444.6364254127232,1419.9759545303732,1462.0747633978533,1494.1980834618382,1466.567480911789,1442.014883632687,1384.0306653886664,1375.8943508386137
1.1957981981981982,1382.4731813736473,1373.7687041971044,1437.2825625296598,1418.8133945291775,1461.036656750561,1485.3290565452116,1477.8858999577328,1445.3745168511864,1385.1686247830824,1371.5303673472795
1.1994,1376.045639749547,1375.10062982504,1429.1863964306672,1420.3019906493403,1457.765113727943,1476.5246484361876,1486.6903187255825,1447.3469782668526,1388.049024465858,1366.2081022411767
1.2030018018018018,1365.8831785001473,1375.6569437405542,1420.3526533310344,1424.0494808686897,1451.8771609816638,1467.8251191156648,1491.3286422794677,1447.030392031443,1392.4862717477072,1360.4026134999187
1.2066036036036036,1358.1312738131342,1378.1143590832328,1411.361182503381,1429.2677075888487,1446.6883033102401,1459.3119384872646,1489.1605206040733,1443.6908522662372,1395.3936494476202,1357.4358739254776
1.2102054054054054,1353.3591622501176,1382.083071864664,1402.7264140047785,1435.1479301791248,1442.34864887507,1451.019032695392,1479.9459919097674,1437.209117701863,1396.119942236604,1357.2814120186154
1.2138072072072073,1350.1438903367073,1382.2135585527699,1398.4739080717397,1436.9045189752098,1439.4610754995044,1446.5818531324483,1468.778759135865,1430.9956083156171,1397.18940935106,1359.0133443133511
1.217409009009009,1349.046423588116,1378.609771016877,1398.490787440251,1433.5373965462925,1438.9231854947616,1446.2155131852294,1456.2539062361832,1424.8927348390278,1397.8839239215804,1361.9435308973348
1.2210108108108109,1349.5641196235254,1371.1436891186283,1397.4649186995002,1427.4474200333448,1437.4937834276004,1443.1291407944561,1446.418213538305,1418.6519447337434,1398.2641678698067,1364.4154236002612
1.2246126126126127,1351.6402043445175,1360.432875981966,1394.8833595229075,1419.2022263380536,1435.2369211518287,1437.5216044246943,1440.0408426893664,1412.393023667605,1398.2744014012167,1366.4815019673435
1.2282144144144145,1354.907579752344,1353.038816486848,1388.2423169135093,1411.3658183994178,1432.282703698641,1426.6136588578922,1433.8429285060718,1404.8543179239266,1396.3154267241632,1366.608503357535
1.2318162162162163,1358.5455329263943,1349.872420403029,1378.1542008001395,1404.767077177349,1428.7310449679783,1411.1384899288278,1427.9980497543831,1396.9060771808938,1393.000860198444,1364.5383904905852
1.235418018018018,1358.5659262102847,1351.1513248254316,1368.3673159821258,1397.5848397924724,1428.0659573389644,1401.654768565511,1422.7692286837685,1390.779528801258,1386.9502944925714,1360.670869405204
1.23901981981982,1354.5664444978615,1356.254325913024,1359.1252778274638,1390.4768152020783,1430.3267355519952,1398.628090931882,1418.3238270971312,1386.913705868183,1378.804857022353,1354.5954574162195
1.2426216216216217,1347.1235463982637,1358.8979875547514,1354.2792471562802,1383.6190666082746,1434.3372792218306,1405.9542851711553,1413.7307263222958,1383.6851187081909,1372.9078367722886,1349.57007706379
1.2462234234234235,1336.3747063024002,1358.6401177940768,1354.090770421133,1377.9959932740132,1438.9767950498779,1422.3329033258358,1408.8500931326607,1380.7305637336742,1369.829207186298,1346.0412066384165
1.2498252252252253,1329.0281943159314,1355.378917019825,1355.7411893704625,1377.508220377726,1441.2863186505228,1435.5891749558255,1403.3475708433875,1379.172522083469,1371.2583307912248,1344.6557225440658
1.2534270270270271,1325.5186806930071,1349.275877809066,1359.5173289024658,1381.7516156212655,1440.8663911096814,1445.0176089083063,1397.3862049211934,1378.6772854050955,1376.5792004944267,1345.4150384814143
1.257028828828829,1323.0185497678422,1342.2550192628503,1363.0694235082753,1387.9758127653802,1437.5897240055,1444.3164781344553,1393.9352742849064,1381.0705471857325,1383.936859697071,1341.7182071259251
1.2606306306306307,1321.8940003120556,1334.0641833282639,1365.535107904236,1395.1308141060529,1431.187102128648,1432.7514526093346,1392.914161630715,1385.526989468763,1392.569743454188,1333.8021627857925
1.2642324324324326,1316.3054246393106,1327.6031234792968,1366.3411585007805,1400.6958041862417,1422.7573813154,1419.6466081297604,1397.0745161111245,1388.4004317140825,1395.935603577763,1321.8058891340181
1.2678342342342344,1306.4780915055687,1323.491493472834,1365.1362259500863,1404.1747181278824,1412.8359814118376,1406.354213251514,1406.2693008037643,1389.2448682392692,1393.2660870616974,1306.7480313053984
1.2714360360360362,1294.7660599646783,1322.6427287162167,1364.1831754055497,1405.0904409498241,1401.2728174263516,1398.3094081822117,1413.6102160307737,1383.5783821717907,1385.5717418637164,1295.4212547000732
1.275037837837838,1281.5283570221654,1325.2599203583172,1363.7308925294114,1402.3617084173788,1389.6071670041488,1396.8413547470193,1417.6981576881626,1371.635000872618,1372.6847515905179,1288.4993836625754
1.2786396396396398,1274.9714554559941,1326.6702200878458,1363.4812650957087,1397.8624944943836,1380.1836088905213,1398.2436063147397,1417.7581202110955,1360.6836453327232,1360.844056783875,1287.3147625708293
1.2822414414414416,1275.3854730848902,1325.7872770887361,1363.38100842151,1392.0429964293178,1373.8168537095005,1402.5542781954064,1413.551311530722,1351.79912631754,1351.318104666915,1291.850308952038
1.2858432432432434,1279.0933576285197,1319.7561486448872,1362.772155648147,1384.2633336803906,1371.2484119690782,1405.558609874563,1408.7254484538603,1347.6046074335723,1345.6125213290804,1297.4852390577296
1.2894450450450452,1285.9430036314884,1308.4263176275435,1361.5090728781863,1375.5774007749228,1372.1893676547074,1407.1771853087616,1404.113843702849,1348.7907512674349,1344.9476434837484,1303.8107024466483
1.293046846846847,1289.7315489826613,1298.8186836726238,1360.2794958478094,1366.758810908796,1376.7039179137234,1407.3866035374579,1399.3650474715914,1351.285649073185,1341.785431838838,1307.9206994874023
1.2966486486486488,1289.891789451919,1291.5524337087486,1358.834426342145,1357.8858763411656,1383.8037951840677,1405.0386432198154,1394.552745811202,1355.122605506572,1335.805576585938,1308.5730454458055
1.3002504504504506,1287.115858912089,1287.4086901862968,1356.6252858962646,1350.1405369937795,1390.7869546077611,1402.954761274534,1388.8336012504499,1357.1105198441999,1329.4759794401402,1307.2825613455173
1.3038522522522524,1281.276613039468,1286.835310745994,1353.54292007917,1344.4325931585465,1396.248541948162,1401.218245199224,1382.8591174401076,1356.6281651411991,1322.9143995081859,1303.8117458732138
1.307454054054054,1277.6990124938234,1285.5364914394288,1347.4605993392772,1341.1667362393464,1397.8646371826273,1401.0712917746262,1379.6820179180893,1357.933647651236,1319.7657963379816,1300.1751104383015
1.3110558558558558,1276.9900228584736,1283.4061310595307,1338.8114714218634,1340.3412437333443,1394.9645793815807,1403.1941989834183,1379.392619762292,1360.421624780188,1319.7522359299915,1296.957635735945
1.3146576576576576,1276.8591006651957,1283.0456818479365,1329.842180718661,1338.9890740596547,1388.0609830832072,1404.359872324998,1378.964156550146,1363.0562019988342,1319.0855609508098,1293.5007291969068
1.3182594594594594,1277.2045870478148,1283.8946317732718,1321.503036635871,1336.370420707505,1377.3247679950227,1404.0039369099418,1377.8487224601513,1365.3541389851787,1317.6289556180898,1290.312215601072
1.3218612612612612,1278.1230472717066,1287.4726370096041,1316.163373230976,1333.878797723871,1366.7463771320338,1400.3957931280972,1372.3610291281523,1365.3251211786464,1312.6124356397572,1286.0169123987964
1.325463063063063,1279.8865529930335,1293.3401632689295,1313.7435988593538,1331.7369048128346,1357.728699592522,1393.6056132682797,1363.1101532499977,1363.4638546978554,1304.7455014248537,1281.567853462006
1.3290648648648649,1280.509971764506,1295.6347355911164,1315.209914663813,1331.5524151849893,1349.3172567209908,1388.011816394683,1354.961501327082,1357.9043938206087,1299.2742371835527,1277.8090485976531
1.3326666666666667,1279.4447087581489,1293.8869804112157,1319.923508242402,1332.883276852648,1342.7842486378643,1384.0732066173634,1348.4146134258876,1348.7854429872789,1296.6286061902813,1274.9152480290172
1.3362684684684685,1277.1098849279604,1289.2463440210522,1325.517933796598,1333.744599576347,1337.811181390857,1381.3974315091837,1346.231835869769,1340.1410459877297,1296.1577280710217,1275.0135448308672
1.3398702702702703,1273.572112720783,1282.4721058576413,1331.3305103557047,1334.0576991571058,1334.7198650256016,1379.6218843502083,1348.4858815905834,1333.0572642012448,1297.2773246975314,1277.6543404978092
1.343472072072072,1269.1377968158033,1279.9283905647264,1332.966425778381,1332.364947522603,1336.5596611351175,1374.5413794168408,1350.6164802378394,1328.7294430276088,1298.6474806170424,1283.0357896870166
1.347073873873874,1264.432084966981,1281.602893625802,1329.9380830543691,1328.9540838100963,1342.4034098817888,1366.670919643456,1352.5839892725774,1327.5668413224414,1300.2978184350577,1290.7374136351448
1.3506756756756757,1262.7996202849781,1286.774321851496,1321.5036322156573,1326.8375883379358,1353.67551539161,1358.2933644098323,1353.70016501317,1329.833261687381,1301.7485048229948,1297.6426883626286
1.3542774774774775,1264.1654753856917,1295.1102008737603,1307.7336173462947,1325.55908096892,1369.3736855707045,1349.4104987603955,1353.2860494848946,1335.0058997694694,1302.9260660875304,1303.1210309475812
1.3578792792792793,1265.578699166974,1300.048677440788,1298.0310692589746,1324.8580366799717,1380.1839459640707,1343.4949747945172,1352.9423084207465,1339.1239934375703,1301.1315215368045,1303.1857374337271
1.3614810810810811,1266.9073706236604,1301.2742936970742,1293.473813288362,1325.0492121287846,1385.1187283075653,1340.853325842464,1353.0706427740859,1341.8058885483501,1296.596310737015,1297.415338116704
1.365082882882883,1266.9317846120696,1298.510030931952,1294.9516938557774,1323.979238262237,1381.6715938627126,1338.5777656354333,1352.40043842086,1342.183002979438,1290.0647462992317,1290.218351514725
1.3686846846846847,1265.2288666386648,1291.1874873737115,1302.2776341477918,1321.7429497666383,1369.648292187256,1336.9936024443443,1350.9178327851446,1339.5109397542212,1281.629690348318,1282.3272119360674
1.3722864864864865,1262.2688715496497,1282.3483893512828,1308.5254142531194,1317.9379136583939,1356.9595544027106,1335.2766169011293,1350.4684802578308,1335.0619213895507,1280.192001125062,1277.7251018929953
1.3758882882882884,1258.061388888647,1272.7203771958482,1312.6440863135026,1312.3170463205952,1345.4744687505465,1333.3717508319692,1351.0043192708733,1329.3733998143482,1286.4366920276693,1277.2063385635224
1.3794900900900902,1253.34456797596,1264.483991094635,1312.2686677811137,1308.0321910173616,1339.2399276204062,1333.3520952768615,1355.1871022938521,1324.7290442499173,1294.8229922694031,1276.2688877754808
1.383091891891892,1249.3733473033178,1258.9697244093445,1307.485626464571,1305.124880934633,1338.9491847886063,1334.9590652284999,1362.5548951661171,1321.6524366766469,1304.304854419007,1275.1051949922476
1.3866936936936938,1245.3133603445401,1255.2188965413939,1302.2991124376017,1304.7514482587121,1339.8180114332,1339.4933699637265,1369.3560445245596,1320.2757292686854,1306.7629339249625,1270.9678326335077
1.3902954954954956,1240.7763114458576,1253.5381877684397,1296.798920809543,1307.2339765445686,1341.5637875878526,1346.757445931868,1374.5299071052707,1320.1121991226014,1301.595959315159,1263.3799822659187
1.3938972972972974,1241.4645030211786,1253.0911277464288,1292.5986099302359,1306.8566474336785,1342.5076811715307,1353.2053736223838,1372.3926717319766,1320.040427342742,1293.0121913566663,1258.9173249074968
1.3974990990990992,1246.4710262603512,1253.9214364513637,1289.9414314232724,1303.9053853406972,1342.0470303065322,1358.0735442009639,1363.2261547056883,1320.0870006948167,1281.2626592505087,1257.2413204715483
1.401100900900901,1256.0641036848767,1256.3307828577013,1291.508849808501,1296.8428849691045,1340.2351518957955,1360.6829060450316,1350.2254968761301,1317.6517842366882,1275.8239597988925,1258.266785447355
1.4047027027027028,1269.8042637230074,1259.5461381550294,1297.6720501499415,1285.7904145840644,1336.4264496533078,1360.5453008222541,1334.6227411661823,1312.3645153115185,1277.3121532906796,1261.4777444275396
1.4083045045045046,1278.501333904577,1264.4014498910074,1305.2418774932075,1277.9008537777502,1329.3530612396332,1358.1380089757256,1321.7866017475149,1304.1137121404531,1280.072571583058,1261.7767566260115
1.4119063063063064,1280.7850797375659,1270.051956691463,1312.6626215179526,1274.1919867857316,1319.5161259073056,1353.4300570402224,1313.0135081714195,1293.2490270299236,1283.6668352048232,1258.867148572429
1.4155081081081082,1272.9538034888071,1274.6666678577496,1314.6366035550102,1275.8928916487107,1310.4171832209365,1347.5667459029128,1308.6809422351323,1283.5386397097525,1284.8538142498976,1252.3867970488918
1.41910990990991,1254.7484468662155,1278.2157819138315,1310.8012342655766,1283.080617640408,1302.993622487177,1341.5944934621994,1309.7395804069517,1275.8226997863076,1283.8406187977191,1242.3754610312146
1.4227117117117118,1241.26028392495,1278.6259121431458,1301.993066933855,1289.6566619071625,1300.6774809414412,1334.2012798824771,1314.0724405955725,1273.649232411344,1280.5222093510126,1233.2891210952916
1.4263135135135137,1233.8054108909525,1275.9355156766292,1288.9283545377841,1294.7995377985487,1303.6323242093968,1326.2656661527626,1320.9264755029878,1277.0135738728038,1274.6382350755855,1225.3236893236226
1.4299153153153155,1234.7934670974817,1270.7959441102962,1278.8746713639757,1297.0795830210816,1307.5693989349754,1320.6067995473666,1327.752754243616,1281.161452510046,1269.1929262324165,1219.2565096032233
1.4335171171171173,1244.5107984185377,1263.6403425873516,1272.901032376948,1296.3269372706786,1311.8487490289783,1317.879551824858,1333.3031408618679,1285.5205624929242,1264.4287176338748,1215.3627217021478
1.437118918918919,1252.1101890182929,1258.898385915488,1270.7781664538109,1294.5271436704904,1313.9149407593534,1318.578566118758,1336.0792573010742,1287.1910303193213,1262.4383980759233,1213.391619659263
1.4407207207207209,1256.9641116781866,1256.9747561288837,1272.5994552437605,1291.5007487804778,1312.6144691676714,1321.8163842834908,1335.3229205210528,1285.4614955185357,1263.5381123146308,1213.592752772373
1.4443225225225227,1256.9499513575229,1258.4596456297168,1276.441885195283,1287.1694523662939,1312.106200814167,1327.2713960555961,1333.5373575192077,1283.5269111695718,1268.7951960319988,1213.082051202671
1.4479243243243245,1250.7526219890465,1262.6811675624056,1282.1478349154509,1281.7680373597536,1312.2202631557657,1334.7747781314733,1330.880602864999,1281.392547521168,1277.6697801294777,1211.579512865111
1.4515261261261263,1247.3876687072034,1264.464475671162,1284.2108108814398,1278.3696633847362,1312.0651400584454,1338.3152314543856,1328.813683773647,1280.8942838959158,1281.9176530188643,1207.4005164266912
1.455127927927928,1246.9772059926736,1263.3496596614737,1281.3032442919543,1278.0498050402095,1312.134859994197,1336.650752934769,1328.222344211815,1282.6342326998006,1280.5691518305077,1200.0545636866118
1.45872972972973,1246.035216431449,1256.0892633572687,1275.393360157519,1279.4086823500677,1308.2849557494735,1332.6548066656235,1326.7205007347916,1284.7057225492474,1273.8618223523074,1195.1400952833894
1.4623315315315315,1245.2376735756757,1242.6673582792819,1266.646625946381,1282.0061015558251,1300.8715516620791,1326.3065446312523,1324.4753326709208,1287.0025264893727,1261.8777865958555,1192.6519297767168
1.4659333333333333,1241.6025366348758,1227.5823673847738,1259.0134475204159,1281.8833685416037,1293.5003072942698,1320.6352039823623,1321.7062069699614,1289.7006261470335,1251.668002080161,1195.528661476808
1.4695351351351351,1235.5833760964467,1212.8303755943218,1253.476427448625,1278.600415835915,1286.7275507860534,1316.9137926533008,1318.7174416598468,1292.7881243902432,1244.9515308632133,1204.300447128442
1.473136936936937,1229.7202381012703,1201.1291412287387,1252.5526387379862,1273.7057576725467,1285.3945870471077,1315.5992490028668,1317.305313672997,1296.024750312973,1241.8400310905952,1210.5393289045107
1.4767387387387387,1224.1058887152637,1194.170202916687,1256.3605867509025,1268.0753222441083,1289.3758261814398,1316.5990845492806,1317.53402733861,1298.7954548886203,1242.0177405319496,1213.2739855571492
1.4803405405405405,1223.473474728484,1193.2972624976117,1258.9048543541153,1265.7426733459454,1293.610462262615,1315.5309938280195,1318.8920243648245,1299.8837492927034,1242.2806274277557,1211.0082324744692
1.4839423423423423,1228.1258589735733,1198.4884366403242,1259.8070810062563,1266.70000887469,1297.8359039727527,1312.4751820256995,1320.852331094869,1299.0250688182198,1242.7130838484807,1204.028274576259
1.4875441441441442,1232.3376142896261,1209.8879180946305,1258.9570911074952,1268.5641324811734,1296.1959349352799,1310.5086990173497,1321.4924778474315,1296.723647563102,1243.3731977449324,1200.2577804929122
1.491145945945946,1235.5598457399378,1226.3573038641084,1256.6448247714227,1271.0073031731283,1288.139932761341,1309.6251441914849,1320.358699395668,1293.4790269558607,1243.9532223391666,1200.0643187984572
1.4947477477477478,1237.2201006101182,1243.9295365046003,1253.0117340287254,1274.6226518396784,1279.787888707665,1309.7434843786461,1318.9314708495933,1290.7681718837,1242.6982694555718,1205.3172333276104
1.4983495495495496,1236.6478384315371,1260.874452505269,1247.5958029565402,1278.9274866096275,1271.1122744473605,1310.229428756389,1316.991679991279,1288.8766067838344,1239.3614378868022,1215.7640886398942
1.5019513513513514,1236.2905665249432,1269.5542495841235,1244.9059844967246,1283.3474361053566,1267.5540034709609,1309.3116475278928,1313.4942559188603,1286.7435390773899,1232.6497750472663,1224.0538039165376
1.5055531531531532,1236.1016517342525,1268.3574891370724,1245.540345541626,1286.693098819254,1270.2339697010555,1307.3870520989258,1308.3596499012847,1284.4903468894533,1223.518169400005,1229.5373734045993
1.509154954954955,1236.7531625724102,1261.493302691679,1248.8365594288123,1285.971277506582,1274.6951667845751,1304.0611072117076,1301.216018966684,1282.803133978555,1218.4073922655205,1231.9360275471518
1.5127567567567568,1238.1816451623845,1249.8783289580065,1254.5643913510678,1281.2156757923128,1280.4545261542603,1299.0233761901936,1293.0785545328604,1281.8284525935344,1217.7788543788104,1231.101889315278
1.5163585585585586,1236.1417013093885,1241.7827213923827,1258.9192713642194,1272.4095621890606,1283.2695682274211,1295.1456981774481,1285.1065242552365,1282.269504675048,1222.73172080787,1228.7385952910704
1.5199603603603604,1230.527713121773,1238.9066318493856,1261.170262484107,1259.9568396246405,1282.1852484488033,1292.4701828019165,1277.594598904275,1283.8106423328486,1233.2791028160664,1224.8271047838393
1.5235621621621622,1224.287792181301,1237.4539683382966,1257.5897136034353,1249.6064636746926,1280.6993702086686,1289.6402788027756,1273.3537116492046,1284.6755939879997,1241.0005524313817,1221.3592027636341
1.527163963963964,1218.1925784868713,1238.3177028173586,1248.6112280229288,1242.2616547071561,1278.8058561442092,1287.1126628946395,1272.4383059621885,1284.4358862496783,1245.4159977004817,1219.1542677451257
1.5307657657657658,1212.716397680843,1235.3500800147403,1240.2618496293926,1237.3177779795606,1277.5499884392889,1283.9612294331178,1273.7668050693367,1282.5974182029063,1244.9072152212286,1219.921558620516
1.5343675675675676,1207.6708283843936,1228.0069752626946,1233.5601636065153,1235.2323429349885,1276.4521904251083,1279.8797308270543,1276.8510629350699,1279.21018832793,1238.812445390168,1223.778796948459
1.5379693693693695,1203.9251004344196,1222.0034076946265,1230.726527508183,1234.5260817186809,1274.2447212526529,1274.3751189278073,1280.080526398891,1275.3927529380778,1232.91796326309,1230.054353286678
1.5415711711711713,1201.9264408263903,1217.3519124383997,1231.9798922863913,1234.8902855122244,1271.4671027262139,1268.1229688526319,1282.8310106160634,1271.6249422147296,1228.5095886902357,1238.0362493339358
1.545172972972973,1201.251921632874,1216.7184380055169,1235.12241847898,1235.5913875272508,1268.8059954023722,1262.8184943986637,1282.0966424631072,1266.839827361145,1227.0802390048011,1242.0004465543336
1.5487747747747749,1202.1238904258046,1220.0812460697498,1240.2305222820278,1235.6517999253092,1266.5878402106011,1259.0170641121892,1277.2378282101918,1260.9681573790508,1229.1763760816289,1241.0071074396444
1.5523765765765767,1203.4056328180907,1221.3481883344105,1244.6653178436347,1236.4526684191642,1264.4949438851072,1257.6154212659912,1271.4237343476557,1256.155946711889,1232.4763613378943,1235.9474573169757
1.5559783783783785,1204.5200262638289,1220.1664839598761,1247.7087968957258,1238.1289212784166,1261.9108676768492,1258.5508495143374,1265.8661909865289,1252.5574808320212,1236.705077399388,1226.8878832513337
1.5595801801801803,1203.3860255596915,1216.2708593211842,1248.6055518096575,1237.2571584898699,1257.9142485262698,1262.3419406107382,1261.3716664838405,1251.821346720573,1241.4320081929438,1217.9425638676396
1.563181981981982,1199.5134270763872,1209.5587980975654,1247.7511658326027,1234.012939377446,1253.1249654304372,1268.2222825515912,1258.9283654360017,1253.939871504487,1246.368746575788,1210.009492793659
1.566783783783784,1198.402445474179,1205.7248495896679,1244.867455351681,1229.2918575431204,1249.4896974473183,1275.948430361385,1258.9939232699262,1254.6265512618963,1250.4567735667026,1204.171899826541
1.5703855855855857,1200.719461645762,1205.1721429097227,1240.2505361560209,1223.3663474641507,1247.3099543356263,1284.5064795435735,1261.1076726431743,1253.4893235951454,1252.3547655676841,1200.5310878279151
1.5739873873873875,1204.5765543866569,1206.5760008420255,1239.844242421157,1219.7382259197882,1246.5185361390677,1289.9018478394485,1266.3606414478595,1247.6347127826257,1251.5360998555466,1198.257279441299
1.5775891891891893,1209.4673348639112,1210.0369145157879,1243.415876321592,1218.9614653115905,1246.7634002976854,1291.5818688858396,1274.4787223678188,1236.8763552986588,1248.2966893493622,1197.4765428607238
1.5811909909909911,1210.0219260720473,1210.967535213906,1252.7201758832448,1221.8977839619868,1247.1290089345691,1286.8578182807037,1284.2814208306552,1228.9102680225694,1244.2727685954642,1196.48027654743
1.584792792792793,1206.2039420779156,1209.0507625935968,1267.847097313181,1229.1862574601594,1247.7170347975125,1275.3556359898996,1294.9998830330128,1224.3072999395074,1239.8696371382732,1194.991086359719
1.5883945945945948,1200.690715595833,1207.1346149659564,1279.0850877437176,1233.6677486246929,1249.8230209653545,1264.0584433399613,1299.0277133029767,1225.5754262455039,1236.028705517322,1189.9422235329293
1.5919963963963966,1193.309633547857,1205.1608906664196,1285.2496577817708,1234.0774469304324,1252.5625847720257,1254.517051416858,1295.2849364670772,1232.8056865734425,1233.073047771986,1181.2497564633848
1.5955981981981984,1191.4624215700971,1205.355950298643,1279.6795713468086,1233.532398710062,1254.93578931795,1249.825356018872,1287.1415581882925,1238.747244591489,1228.5569700546246,1171.3343430644416
1.5992000000000002,1195.5718567678045,1208.0148671338839,1261.2440595202772,1232.4534309514904,1256.7780082533734,1250.9484843437278,1276.0840244165124,1242.478320292939,1222.7050439416948,1161.021890250594
1.602801801801802,1200.3477098212722,1210.666716782052,1240.9645433964454,1233.281084120303,1255.2034480819668,1254.198712080971,1268.863699829499,1240.9241942326503,1218.0974043148638,1156.6575598815955
1.6064036036036038,1205.6245570899603,1213.1977036790572,1221.7487559135764,1236.1009318198521,1250.5549170556235,1258.464555865089,1266.2339835204232,1233.9358694293614,1214.7374381512518,1158.6229717656004
1.6100054054054056,1204.730304800834,1215.2980158231321,1210.5458676342641,1237.0434737483336,1244.635888087519,1261.7541617602046,1265.6332163824861,1228.2623654899148,1213.7189596668923,1164.612930260669
1.6136072072072074,1197.5593666096697,1216.7767342287455,1208.4796702008186,1235.9705221115591,1237.8201382230652,1263.5247260299523,1267.1876759016932,1224.6286372355462,1215.022844382172,1174.2439515993335
1.617209009009009,1186.8897219113526,1219.5722376795654,1208.6555035293136,1230.772703633358,1233.5431931619828,1264.9829323924075,1265.9533677757613,1225.356602381138,1215.6030420843508,1179.1548893545662
1.6208108108108108,1172.3528346932694,1223.3364286134051,1211.7393139377996,1221.9518869687872,1232.3195719206149,1265.7647361765733,1261.881417801698,1230.6689459624984,1215.4106684684682,1178.352020822361
1.6244126126126126,1165.200620943966,1226.595661809108,1211.5037879303657,1217.6565813745058,1235.5716250933338,1262.7151810775283,1257.9086588713712,1238.7443202338434,1212.9040030240783,1173.2810961066057
1.6280144144144144,1166.6274270524364,1228.9909850846202,1206.823325556009,1218.1676770148756,1242.9574001077815,1255.378779906124,1253.4638495919253,1249.3141275305134,1207.574247667389,1163.683601732002
1.6316162162162162,1173.4128955628257,1228.7346391754886,1204.351476280663,1221.9773761214367,1249.863192506082,1247.3216749612627,1249.1393183343557,1258.6200452347007,1203.9453198382414,1156.738616095168
1.635218018018018,1184.9945132899065,1225.8959532156816,1203.6623127608786,1228.3099552702079,1254.9568353798898,1240.387053529557,1245.4496497673708,1265.2804482348088,1202.9537587317795,1154.1820293978558
1.6388198198198198,1193.0344845199947,1221.5601492544683,1204.4101874905805,1233.0351925445234,1255.0002422390955,1237.6005165833049,1242.1055778411078,1267.5287852056442,1204.1686533720435,1156.0065156864298
1.6424216216216216,1196.1411415097364,1216.3260736123932,1206.4754617091826,1235.848160451638,1249.6053699174117,1239.2415734748308,1239.717215990206,1264.5546051643469,1207.5522121816646,1162.09861864331
1.6460234234234234,1193.7224469431367,1211.2499782464297,1207.8234361752109,1236.4330394114936,1241.3531399334438,1240.851287743682,1239.1701502723517,1258.2671198517664,1209.3934158080206,1168.1408525002796
1.6496252252252253,1185.1629994904513,1206.367306310966,1208.8860927714074,1233.9788953064806,1230.7500473884086,1241.8021273234801,1240.0233916378945,1249.5418811857737,1209.4413865340246,1173.6492100434966
1.653227027027027,1179.2128666898218,1203.5285028621138,1207.7532077735314,1229.5183600213682,1222.0015273450927,1240.4732612177272,1242.6185231572529,1242.9353295847416,1208.3997177020753,1177.4635112604722
1.6568288288288289,1176.8652577466414,1203.0712153614013,1203.9229298170285,1223.7696367840374,1216.4761188826158,1237.1056192539754,1246.5445557445078,1239.5014126830943,1205.9467841318387,1179.3747062225736
1.6604306306306307,1175.9809908309737,1204.3278419897333,1201.2662807359554,1216.0670644700115,1213.9204009653415,1236.8518155449037,1249.8958625892087,1237.589419351374,1206.9952928052073,1179.5306378800358
1.6640324324324325,1177.168520455641,1207.351404924169,1199.8896533453624,1206.9141949670397,1214.7614043714755,1239.6321466349889,1252.136073582326,1237.2477002059368,1211.3208936883477,1177.28122227619
1.6676342342342343,1177.7849074507458,1207.718332813063,1200.2264650607847,1202.0478926930157,1217.7091529651618,1242.694716581312,1251.1485330474084,1236.3972580401414,1215.2884970552864,1174.2480532670736
1.671236036036036,1177.934164745185,1204.7804991185235,1202.3875865110044,1202.1632305750438,1222.421229071698,1245.3874615464638,1246.6520890590868,1235.22047140499,1218.2055748182634,1171.545334151091
1.674837837837838,1177.083304490773,1198.3161894274647,1205.2740186212911,1205.9393274130769,1226.4513945514927,1247.1714060219977,1238.9592109930297,1232.888502479123,1217.8298214917834,1171.7252520124216
1.6784396396396397,1174.2874741070532,1188.5904697519254,1208.6748743283094,1213.326724302783,1228.5899441628435,1248.3404124473677,1228.4707476885167,1228.875144454636,1214.4817250443402,1175.2444735530144
1.6820414414414415,1172.9088181383343,1183.0069327273204,1209.3402036463158,1217.5277264682047,1229.887744750137,1251.4446838308718,1219.9044940964243,1224.7425030592472,1209.1079418372144,1179.828716475414
1.6856432432432433,1173.3395588410876,1181.920116183916,1207.001184230546,1217.7154579331493,1229.2495987991904,1255.84059882131,1214.6465958331435,1220.6782871316325,1201.5498942132456,1184.9592717256164
1.6892450450450451,1173.0612709239683,1186.3562622294344,1203.4096531566947,1212.6353118557663,1228.6711409808004,1258.6387293747725,1212.2780888901582,1218.8172021525459,1195.469114833051,1186.4289283309229
1.692846846846847,1172.0427522269829,1196.001563575004,1199.0101733707074,1201.87949510739,1228.922273531764,1259.812172213471,1213.0202901282544,1219.237979055631,1191.6467831566897,1184.1007356036325
1.6964486486486487,1170.565187917472,1202.6768298649142,1196.0994498476318,1195.7852390810924,1226.793579051585,1255.9928917349403,1214.5825558898518,1222.9259320185677,1190.0302196699952,1181.2867833544383
1.7000504504504506,1168.8282428659156,1205.5195207991164,1194.8775690874445,1196.1038708544631,1222.2091337748973,1247.3121564226783,1216.2722908011656,1229.4189691905708,1191.1175006017186,1178.0215928801922
1.7036522522522524,1166.484262099381,1201.0681588028058,1197.476537915947,1202.053602303344,1213.877055936975,1239.4993650491026,1218.0503340875196,1233.71454792933,1194.3638121642039,1175.99668802298
1.7072540540540542,1163.4050916804952,1188.9413652545231,1204.3743760830966,1213.1728930332774,1202.2341784810037,1233.2900848026666,1219.810246522946,1235.249007265158,1199.4185838945193,1175.3307544901272
1.710855855855856,1161.6227468684892,1176.7657936577714,1212.0224673798969,1220.3690273545703,1194.22629804839,1230.756739774325,1221.6021880116991,1231.8543448171201,1203.028949318565,1173.8151139869008
1.7144576576576578,1161.5882867243886,1165.4092875844026,1219.658876464834,1223.098217799634,1191.3668396799733,1232.2814986425317,1223.184042628964,1223.2686047062584,1203.8234572435058,1171.9853866553656
1.7180594594594596,1161.440129958343,1161.9114576397958,1224.128058071175,1220.3355579365113,1196.1652749509017,1234.9427917104335,1222.9317357456546,1213.8071657093979,1204.6131262558167,1168.5375019123742
1.7216612612612614,1161.1383092373128,1167.6298896873739,1224.1971902382988,1210.868116943576,1208.452537657039,1238.7007531942063,1219.9949188325293,1204.1438582405312,1205.4343887173484,1163.3123228176516
1.7252630630630632,1161.4648980179315,1176.9109763207928,1221.9593104953124,1205.0596551994045,1219.1441327945356,1239.3492192402116,1219.543921124542,1199.1829307762198,1205.608300047445,1158.2042896216478
1.728864864864865,1162.5409325720016,1188.9457900402774,1217.7522766512407,1204.0043406043208,1226.590779471285,1235.685794978046,1222.3940979312413,1200.0482382590658,1204.9237838237277,1153.8823369792815
1.7324666666666668,1164.382889804692,1194.9542768762665,1215.2053131382354,1205.119736170691,1229.7468992393858,1230.9019365965528,1227.201909324749,1203.403785298486,1201.454193169799,1151.2651853055575
1.7360684684684686,1167.100643706325,1193.094379244301,1215.0334117543232,1208.5952138903667,1227.8862054735337,1225.8094528084437,1233.0366054938268,1208.47110859728,1195.635167729013,1150.5368456912624
1.7396702702702704,1170.9936754206897,1184.943440007542,1214.6955685225537,1210.861835349185,1225.1329516041965,1220.741880133599,1234.5929527944888,1211.641427895818,1187.050473198901,1153.0511591112759
1.7432720720720722,1175.7618723468136,1170.863610593495,1213.814351218156,1211.402735470921,1221.903531580564,1216.0185431170619,1230.9141336396706,1211.799385232457,1176.5875283797063,1158.4602176544402
1.746873873873874,1180.7819882334386,1159.2807545074693,1211.8480017469599,1211.7633693223204,1215.7087308111402,1211.5827210902894,1223.780567497081,1211.0950141369997,1169.7228011745365,1165.1289785576494
1.7504756756756759,1185.3821789914382,1151.7054733041546,1209.290316569197,1211.6012324412538,1207.9032370825876,1208.057962143156,1214.3065002919234,1209.1505181699508,1166.9855296330484,1172.2012928356578
1.7540774774774777,1190.5047368760077,1149.5729975372874,1207.0893839305218,1213.2536662790974,1199.48081284112,1205.9638807755225,1208.0354176274925,1206.8479208966135,1168.7005518429694,1177.1107097718902
1.7576792792792795,1196.184680938557,1154.1357616356174,1204.7773086957359,1216.9258682233465,1190.8018920978293,1205.3004830743384,1205.6570510151048,1204.6966871190077,1175.0808876218084,1179.487994174673
1.7612810810810813,1198.8076492992227,1160.654440015623,1201.6688379455788,1216.7520173767373,1190.7610249364845,1208.564691040895,1203.0549591022245,1199.3803297498227,1182.3643264118937,1176.38476115548
1.764882882882883,1197.9574168451993,1168.4491738441277,1197.8572967120858,1212.8726241800327,1199.4049384861596,1215.6629621946738,1200.532378976041,1191.5666262883535,1190.0014947071766,1167.678846700932
1.7684846846846847,1192.897144341478,1175.0602673839142,1192.746078306994,1207.3781470956703,1212.8806071495108,1221.0788370188275,1198.6255707927262,1184.1300106723975,1194.265282592187,1158.3558528040498
1.7720864864864865,1184.0365716966346,1178.9447543464187,1186.5236747224385,1201.0390641338197,1229.6498650207113,1223.2863897733876,1197.743844715072,1177.8424714385862,1193.675290937923,1149.902831977964
1.7756882882882883,1174.699892843529,1180.5483139303622,1182.3638662364133,1198.775161312842,1239.3207997211648,1223.1750486370602,1200.3227637925352,1176.7230775966113,1191.0041302751752,1145.796860731523
1.77929009009009,1165.973896206022,1179.6627055797735,1180.3929787322195,1201.109393088018,1239.6045473077934,1220.9017357129014,1205.1986464554816,1180.962674027652,1186.7502016719575,1146.8067956719874
1.782891891891892,1160.9291608957608,1177.235794489676,1178.6444928752994,1206.128583582516,1232.6736056976717,1219.3566699072799,1209.1542560197042,1187.0770781598728,1184.4987209572973,1150.0912688968606
1.7864936936936937,1160.0405479503884,1173.4533476834024,1177.4691046209873,1213.684755387682,1218.092981953217,1218.8554449924989,1212.2603419750167,1194.3933083433544,1185.0384724313117,1155.858868573453
1.7900954954954955,1159.7153626822546,1170.4078440984292,1174.0902632605064,1218.499082151192,1206.7012018838388,1218.2453115972603,1211.188298783831,1197.6575445455785,1186.5707776450013,1158.4768944523703
1.7936972972972973,1160.0766869068482,1169.072958396738,1168.9567741609912,1219.2757643671298,1199.8963054744638,1217.6828430967857,1205.8536155405345,1196.266209431214,1188.9750088599842,1157.2460777425943
1.7972990990990991,1159.0055969245411,1169.215203205027,1163.3980688464924,1218.8686096045615,1195.7397179419925,1214.5204489192388,1200.81074680698,1191.7244744177256,1189.352844554747,1155.6012877989351
1.800900900900901,1156.1190072216098,1171.049845192442,1157.1840198119173,1217.5795629235165,1195.267328162633,1209.0902219445863,1196.7072249621633,1184.3098793608883,1187.6113377608349,1153.6457989653197
1.8045027027027027,1152.1312081452668,1173.5245704924962,1156.1195779910418,1214.693143842744,1192.5591096478229,1205.637524414087,1195.0119813503543,1177.7623548466188,1185.3664295895594,1154.1270542036625
1.8081045045045046,1146.5297709960967,1175.9840722059646,1161.290610769986,1210.262117581252,1187.3794403146258,1204.6499911336966,1195.947162083677,1173.001366612905,1182.187866592816,1157.0013942976113
1.8117063063063064,1142.5608555091667,1177.9916096414681,1170.4826637983685,1202.306677336012,1183.456109204924,1206.3828403434302,1198.8788598636952,1171.375454570105,1179.060682189055,1161.132833460024
1.8153081081081082,1141.4721407380314,1179.4530252654313,1183.1380376366633,1191.5377178887868,1180.450778318903,1210.468597339846,1203.8018084643352,1173.6018201396475,1176.282557512461,1166.8511854154142
1.81890990990991,1143.4192074964744,1181.157669020241,1192.2837929789955,1181.3028571923096,1182.1882991473394,1213.7475499683967,1205.605881293703,1177.8384040279534,1173.1310419264498,1169.4191082282855
1.8225117117117118,1148.077037640947,1183.367470843208,1196.5336067781955,1172.6083018568304,1188.8795836125944,1215.725733568668,1203.3197073923095,1183.8867562832704,1170.4062350225317,1167.753010034575
1.8261135135135136,1153.3641993683932,1183.9836543855488,1196.283907747223,1170.4369650056426,1195.719098449306,1216.3378421154491,1197.5331198088822,1187.993646867583,1167.6509899833857,1164.120469871806
1.8297153153153154,1158.8518670780225,1182.7176680702207,1191.3772240088915,1175.2063559206063,1202.0625551251044,1215.1681494938398,1188.3398211268154,1189.036006930522,1164.7119642345563,1158.707215706974
1.8333171171171172,1162.3386027045533,1181.2836189589002,1189.9222457507126,1181.1033024726848,1205.147876862458,1213.2800713059141,1179.4317985641753,1187.336338085668,1162.8575590934597,1153.7690707107042
1.836918918918919,1163.1204747844856,1180.0153379981796,1193.0842743135686,1186.6933751425374,1204.3254077622407,1211.4693613739144,1172.047460024955,1182.6362126342408,1162.0128201806388,1150.043520929882
1.8405207207207208,1163.3812357920594,1181.648406434743,1199.3983759216644,1189.7437164635905,1202.5241422047477,1207.9444632418135,1168.9799229391326,1178.4766051981908,1163.4089927290988,1148.3188406252598
1.8441225225225226,1162.6958625477923,1185.9635291507143,1208.5894704110635,1189.9974736383892,1199.998741830117,1203.006790077315,1171.3302860624,1175.9119959283996,1167.074688671437,1148.7612938336067
1.8477243243243244,1161.1507885564672,1189.4969293466515,1215.0410723696075,1189.9904940550844,1198.5589628550013,1200.1066073749132,1174.5899191507501,1173.511937721399,1170.140016133737,1148.6243763023226
1.8513261261261262,1159.3983381502114,1192.1090619355136,1218.3289828878928,1188.8907858485316,1199.10423808892,1199.3343655966407,1177.868320332272,1171.6471507543365,1172.487294564338,1147.7674329117153
1.854927927927928,1156.9499803707008,1188.0742587013463,1218.0132856269572,1188.5761910235396,1199.0464887329424,1204.408721970815,1180.4937220679692,1167.9222099797787,1169.9605281873132,1146.5103299075688
1.8585297297297299,1154.4960974654696,1177.1583431353283,1213.1080608123953,1189.6113637118895,1198.7004151423603,1215.3181288656608,1182.0744595634471,1162.4823107610623,1162.1254277273522,1144.7459891170124
1.8621315315315317,1150.6074754874078,1164.5010914215643,1207.5466183131275,1189.739299580624,1198.9506314164419,1226.8074958654067,1183.459153766963,1158.7339210508514,1154.6903547045563,1142.0231830355335
1.8657333333333335,1145.2882618517697,1151.4623606206342,1202.1689033428172,1188.7203143388385,1199.7604406819082,1237.2069797679371,1183.4834017182188,1157.0162785345092,1149.1129775325796,1137.8456110722425
1.8693351351351353,1140.9321346604816,1143.3791775726438,1196.7304709145124,1188.3131876808518,1202.8430251414557,1239.057054361959,1183.6196581213646,1159.181379164633,1149.5948744174334,1133.8811912687445
1.872936936936937,1139.1832818675382,1140.6422821118877,1191.6063580479622,1188.2050802285466,1207.4230335531422,1232.8628167866013,1183.5995439514477,1163.5562383298984,1154.8419278745778,1131.3003545820952
1.8765387387387389,1140.6796483814048,1143.209719618735,1187.302309102972,1188.0397745129546,1213.1685831880095,1219.7959698529753,1183.4301022949226,1168.6660089346976,1163.8243501219852,1130.887921656851
1.8801405405405407,1147.5917756386716,1148.7263841368124,1182.4462441608125,1186.686298719493,1217.3397040868388,1207.8791234094172,1179.8970191943695,1169.0629264218544,1170.5059376439433,1132.5814468616938
1.8837423423423425,1156.7222186679207,1151.5916374325745,1177.2317082715936,1183.7734155154158,1218.3155426972519,1201.7881233579367,1174.6954502647054,1164.8324322909255,1171.3755350812523,1134.7723110301388
1.8873441441441443,1168.058090272471,1150.7904783041117,1171.443454917577,1179.9294569119343,1215.7995385462584,1202.7272102562206,1167.8364488829282,1155.5394091232315,1165.4802211830272,1136.592280665024
1.8909459459459461,1172.4679433801339,1148.5757445936842,1168.7333672464881,1174.97173281612,1212.399175845102,1205.488859649246,1162.831772071706,1147.9596041906407,1158.5840825274622,1137.4902743602493
1.894547747747748,1168.8081796609877,1144.1554565923582,1169.1888921068416,1168.869846246973,1208.7454976515896,1210.4192188218294,1160.6235613525287,1142.9709172701373,1151.1352978574232,1137.1864180835792
1.8981495495495497,1159.4236283197558,1142.9612237082222,1171.6281790085698,1167.0396638037892,1206.8541851339407,1212.1725348273098,1163.9934863940884,1142.376045099007,1146.189491406365,1136.7899365523383
1.9017513513513515,1144.1750678910869,1145.8711633590897,1175.2776461894068,1170.7496520902962,1206.9882171824117,1209.23377086481,1172.7799594374762,1146.8056748680392,1144.4189214578132,1136.2319098636624
1.9053531531531533,1133.1038606650582,1152.0001461245445,1176.899640668578,1178.684794489372,1208.6451323014508,1206.399007285813,1181.9890855446065,1151.4627390978517,1144.6786252178235,1132.8239073917284
1.9089549549549552,1127.9271925151647,1159.6670349865087,1176.0399425878575,1188.7954979084907,1211.7018506903305,1203.8182905955127,1189.6201298322192,1155.4550295967058,1146.792196003545,1126.9096052676462
1.912556756756757,1130.8718330411305,1166.612677446877,1172.4268847327476,1199.4414121951838,1215.571062774761,1202.15193127675,1193.7527277072422,1156.9982031174313,1149.974090378849,1118.5495401413373
1.9161585585585588,1140.1187474847477,1166.650590981228,1166.1868344611994,1205.085466193974,1218.6898288576606,1200.791314507231,1192.0802073616203,1156.2226406177926,1151.086986960544,1109.4523332920471
1.9197603603603606,1143.1336788373187,1161.301127482504,1160.4613818478665,1205.4183737381215,1220.0562467317725,1199.1289098573664,1188.4134831780038,1154.8124445392853,1150.0281349336778,1104.595053435423
1.9233621621621622,1137.8652664445706,1151.1030664067314,1155.749826947117,1199.3643576185095,1218.602318150341,1197.759155515936,1182.9944664844134,1153.0717102759659,1146.239082304462,1104.8089867084593
1.926963963963964,1128.9959042798555,1142.1919356589342,1154.5977655999004,1195.0392756112808,1214.7560877527367,1195.8765296167162,1177.1459074495488,1150.5323762401108,1140.8134080102775,1109.569342798872
1.9305657657657658,1116.6855238644764,1135.4880517835054,1157.2452298093547,1193.2307234701448,1208.6813789472922,1193.343522270331,1172.8460295887267,1147.5994703010895,1134.567087004715,1118.2275894351058
1.9341675675675676,1113.3706851528743,1133.4420681891575,1164.3590413709921,1192.6841778413882,1202.2586207771967,1191.8909080863414,1168.2457644911024,1145.5296691811768,1130.0639913932746,1126.4617273736853
1.9377693693693694,1120.4507045914597,1136.6754735593413,1175.5278683207234,1193.146663238008,1196.2116906425226,1191.8971046822185,1163.13988059873,1145.0541737018357,1128.0541189645003,1133.078856925963
1.9413711711711712,1133.7795180317949,1142.8952439453976,1185.88473535473,1190.972722439729,1189.7156330612036,1191.21246254113,1162.0566331864886,1148.7862266534848,1128.2455279334815,1136.4494344072964
1.944972972972973,1149.9548443581018,1151.2258911031456,1192.8588727496883,1186.5269966300684,1182.9611168335446,1190.1540141667406,1165.646824042355,1155.774742857108,1130.8314052749108,1135.8999073178356
1.9485747747747748,1164.2191944562344,1160.3398606404528,1194.2735052251464,1179.484517527798,1176.0014491301606,1188.8420976509942,1174.0915519050911,1165.1199003489419,1135.396630970693,1131.957883243125
1.9521765765765766,1164.9080189289004,1166.42556862116,1187.6709136059621,1169.4587838049972,1168.9078974629606,1188.954027970674,1189.2432745706938,1173.0372648663717,1142.3824919724657,1124.6970437833052
1.9557783783783784,1161.2718343008091,1166.6195448663298,1176.7910194692597,1160.2478504383378,1164.4088065778271,1191.1558899136471,1200.7189572192137,1176.0987817909102,1149.872977676567,1117.5683051531155
1.9593801801801802,1152.7798136838283,1160.312584292148,1162.6337433215367,1152.9132764146898,1162.171152976041,1195.4341806435677,1206.2615202215181,1173.4684804717995,1156.59899428063,1112.008870112355
1.962981981981982,1147.2318269713069,1152.636160492734,1151.0121265995779,1147.1225680730724,1163.7350213109003,1200.0321779298285,1200.6023396467806,1168.4197375679257,1160.3771601832473,1110.137755469451
1.9665837837837838,1145.505359019357,1145.0599588045484,1143.8534378318823,1143.857998027107,1168.1425764465248,1204.7005288987095,1183.4431663288806,1161.3232008944765,1160.8488749341793,1112.6383330321194
1.9701855855855857,1146.0945297503808,1143.6942892791974,1141.1844053090852,1144.3688739417069,1173.6979542504055,1205.5139429392364,1165.9152962622147,1155.7443022285038,1158.2121859070432,1116.8112970418017
1.9737873873873875,1148.2871767805104,1147.994811358007,1143.0178345810414,1148.888120788041,1178.4838868076697,1202.830372341714,1151.7670283227485,1151.7837174494578,1153.4306121671784,1121.326389426925
1.9773891891891893,1150.101861530211,1156.7137401386856,1147.9963341604807,1157.0001403725844,1180.2852560732842,1197.552889212619,1145.0747222162822,1149.5376517693467,1148.0539127357506,1124.649618197456
1.980990990990991,1144.4162968332516,1165.0131026168485,1155.0796763969727,1165.8974462765302,1178.5001853868268,1193.3346150836605,1145.3709513158403,1146.7441695234857,1145.2136148174952,1123.371986145005
1.9845927927927929,1136.0924082373203,1169.912931521488,1160.6909456771375,1175.4466599154052,1171.1876785910665,1191.3032734644648,1151.5931357065983,1144.1623527456563,1144.626211091339,1120.4796603829432
1.9881945945945947,1129.1201767053456,1168.1405128716024,1162.9123435882557,1183.9680557120032,1159.9256532384497,1192.536424616392,1158.749543009316,1142.0336423478318,1145.797688289357,1118.259999274801
1.9917963963963965,1125.095880183971,1159.5104198494894,1161.175819052307,1188.7286138832335,1148.1464964576553,1196.5697450754294,1165.6118743907866,1141.69028761365,1149.0558958460626,1116.703122341253
1.9953981981981983,1125.2278530717733,1145.2477070432408,1157.125383350344,1185.7121892866496,1142.727723958623,1202.012064290262,1168.2461969133756,1144.8277092605101,1154.2954507738,1114.968980039301
1.999,1128.4517605521476,1129.0386483364107,1155.4548272745644,1169.2016780478157,1154.4576890216138,1206.2204028589342,1161.3795320600968,1153.6616336766012,1161.5004452276744,1110.0181618876538
